object_id,district,timeperiod,area_sqkm,inundation_intensity_mean_nonzero,inundation_intensity_sum,drainage_density,mean_rain,max_rain,total_population,total_households,mean_sex_ratio,schools_count,health_centres_count,rail_length,road_length,net_sown_area_ha,electricity_access,piped_water_households_pct,no_sanitation_households_pct,elderly_population,flood_protection_failures,human_lives_lost,population_affected_total,crop_area,flood_protection_damaged,roads_damaged,bridges_damaged,total_procurement_value,disaster_fund_sanctions_value,disaster_fund_procurement_value
R01-D01-S01,Northmere,2021_01,989.98,0.0,0.0,0.83,58.36,140.48,1301433.0,321836.0,1046.3,73.0,22.0,36.77,1576.02,452.18,0.779,75.71,7.16,149805.0,0.35,2.0,5519.0,32.07,1.12,1.86,0.35,0.0,1232700.0,698228.0
R01-D01-S02,Northmere,2021_01,1614.92,0.0,0.0,1.798,42.4,65.42,222965.0,50094.0,1039.0,136.0,32.0,11.29,1672.71,209.33,0.766,62.44,11.66,19674.0,0.35,1.0,406.0,2.42,0.27,1.54,0.95,384650.0,499717.0,455258.0
R01-D01-S03,Northmere,2021_01,1680.97,1.9944,278.38,2.441,80.78,198.27,684527.0,148600.0,909.6,144.0,54.0,101.06,1733.76,611.14,0.748,73.87,15.53,52956.0,0.48,2.0,4506.0,57.03,2.12,0.01,0.94,0.0,297715.0,738272.0
R01-D01-S04,Northmere,2021_01,1337.0,1.6664,186.39,3.897,14.06,35.43,1157230.0,243491.0,1034.0,77.0,18.0,74.45,1848.04,398.94,0.684,65.54,12.11,131741.0,0.83,2.0,11686.0,3.75,0.01,3.85,0.45,2139176.0,448281.0,908812.0
R01-D02-S01,Eastfen,2021_01,1040.1,3.1338,365.17,2.891,55.93,88.02,105871.0,22759.0,1011.7,58.0,6.0,5.19,403.13,369.96,0.3,20.13,35.51,7474.0,0.28,0.0,297.0,7.53,1.91,6.69,0.91,2779645.0,2062439.0,63484.0
R01-D02-S02,Eastfen,2021_01,786.49,1.5046,265.94,1.163,41.53,101.13,592232.0,134822.0,919.5,24.0,9.0,12.56,199.54,380.21,0.372,29.24,24.13,48622.0,0.55,1.0,609.0,5.21,0.65,1.36,0.53,0.0,255127.0,1011035.0
R01-D02-S03,Eastfen,2021_01,608.44,1.156,209.43,3.414,65.95,100.43,1031915.0,207272.0,1005.0,30.0,9.0,0.08,431.28,236.27,0.406,45.24,28.03,111432.0,0.33,1.0,3547.0,0.74,0.33,0.39,0.21,1598827.0,1775358.0,0.0
R01-D02-S04,Eastfen,2021_01,1698.07,0.0,0.0,1.509,80.31,121.97,1231940.0,277777.0,1002.4,85.0,14.0,19.57,373.76,631.82,0.3,33.38,28.11,94830.0,0.46,0.0,1677.0,3.75,0.06,1.1,0.29,2083788.0,767836.0,743746.0
R01-D03-S01,Southwater,2021_01,213.25,1.3903,266.76,2.968,46.62,88.68,1193114.0,259345.0,1017.1,7.0,2.0,4.07,140.83,105.57,0.417,53.22,28.17,129920.0,0.42,1.0,7085.0,2.3,0.41,0.38,0.23,2780488.0,653330.0,184312.0
R01-D03-S02,Southwater,2021_01,1223.73,0.6928,83.82,2.839,83.78,166.47,239581.0,59044.0,970.7,68.0,17.0,3.16,327.27,604.23,0.364,42.69,34.34,22576.0,0.16,0.0,1529.0,14.41,0.9,3.74,0.29,2948208.0,7558.0,0.0
R01-D03-S03,Southwater,2021_01,1577.0,0.0,0.0,2.457,62.08,138.81,969664.0,197369.0,945.6,99.0,22.0,31.38,552.84,435.75,0.417,34.96,20.7,96085.0,0.09,0.0,157.0,0.67,0.08,0.42,0.21,0.0,864287.0,137572.0
R01-D03-S04,Southwater,2021_01,986.09,1.0468,127.15,3.487,59.1,147.45,357309.0,85503.0,935.1,32.0,7.0,35.33,598.41,245.34,0.481,49.34,27.99,43853.0,0.16,0.0,1163.0,0.72,0.03,0.09,0.09,0.0,990560.0,0.0
R01-D04-S01,Westmoor,2021_01,728.47,1.2967,256.85,3.244,83.12,192.57,995609.0,209745.0,999.6,34.0,16.0,9.3,653.32,79.03,0.581,58.85,22.22,86480.0,0.35,1.0,6653.0,1.87,0.01,1.21,0.17,1637163.0,788042.0,0.0
R01-D04-S02,Westmoor,2021_01,1665.24,0.0,0.0,0.815,98.18,172.22,279517.0,67648.0,1008.4,45.0,9.0,2.87,1054.16,495.49,0.327,33.09,32.58,27249.0,0.09,0.0,1177.0,22.21,0.39,0.85,0.21,1067980.0,0.0,719877.0
R01-D04-S03,Westmoor,2021_01,490.29,0.0,0.0,2.937,50.18,86.0,781195.0,160574.0,966.9,26.0,5.0,16.55,291.58,123.31,0.395,25.15,24.24,55096.0,0.3,0.0,1488.0,0.93,0.23,3.88,0.13,3770207.0,1617393.0,108259.0
R01-D05-S01,Riverend,2021_01,1334.51,1.5665,275.84,0.913,80.31,161.42,562657.0,115730.0,1044.3,68.0,5.0,19.9,609.46,194.34,0.416,34.07,31.72,40592.0,0.73,1.0,4462.0,19.27,0.74,2.35,0.57,893999.0,1274829.0,420587.0
R01-D05-S02,Riverend,2021_01,1459.47,0.6801,127.82,3.226,80.24,153.18,430380.0,86152.0,1007.5,71.0,16.0,36.75,865.4,416.04,0.673,58.36,14.85,48912.0,0.31,0.0,2653.0,6.98,0.14,0.38,0.49,3015524.0,5644.0,825387.0
R01-D05-S03,Riverend,2021_01,690.03,1.5199,247.63,2.095,71.95,127.27,177707.0,43592.0,930.4,55.0,20.0,0.6,636.13,167.74,0.598,61.66,19.42,22248.0,0.15,0.0,446.0,4.12,0.25,2.51,0.39,2233109.0,0.0,148404.0
R01-D06-S01,Lakeshire,2021_01,518.19,0.7855,153.19,3.018,67.1,116.06,1301840.0,272561.0,964.8,39.0,11.0,23.51,477.81,129.09,0.739,75.04,11.65,157031.0,0.92,2.0,14934.0,3.98,0.16,4.85,0.45,187148.0,641821.0,0.0
R01-D06-S02,Lakeshire,2021_01,1251.38,0.0,0.0,1.955,88.74,207.18,987461.0,244360.0,906.2,104.0,28.0,50.9,1275.52,482.4,0.6,43.26,26.45,88205.0,0.17,0.0,1953.0,7.97,0.01,2.73,0.53,2582003.0,1498635.0,209097.0
R01-D06-S03,Lakeshire,2021_01,793.75,0.0,0.0,2.557,50.84,98.35,247479.0,53171.0,925.6,27.0,18.0,2.78,776.89,163.11,0.578,56.9,16.81,22344.0,0.73,0.0,761.0,12.9,0.12,6.26,0.42,5553683.0,2144857.0,1201115.0
R01-D01-S01,Northmere,2021_02,989.98,1.6986,233.48,0.83,65.12,108.54,1301365.0,305473.0,1046.3,91.0,21.0,77.73,1304.95,191.73,0.836,72.72,6.63,167376.0,0.08,3.0,11595.0,3.69,0.47,6.63,0.82,3575467.0,0.0,353925.0
R01-D01-S02,Northmere,2021_02,1614.92,0.0,0.0,1.798,107.19,272.83,227969.0,53412.0,1039.0,125.0,57.0,61.64,1828.3,627.28,0.664,83.1,9.51,29546.0,0.27,1.0,1278.0,0.01,0.38,1.88,0.43,608214.0,1526301.0,471575.0
R01-D01-S03,Northmere,2021_02,1680.97,0.0,0.0,2.441,102.0,224.62,682438.0,151597.0,909.6,165.0,25.0,46.46,1256.3,413.74,0.64,78.45,13.48,66414.0,0.23,1.0,2816.0,16.93,0.25,4.37,0.77,6335644.0,0.0,653110.0
R01-D01-S04,Northmere,2021_02,1337.0,0.7565,125.7,3.897,39.34,57.42,1146614.0,244256.0,1034.0,82.0,47.0,33.43,1436.5,276.11,0.749,57.58,8.31,105310.0,0.71,1.0,12018.0,9.99,0.42,3.49,0.08,4462312.0,1231585.0,1094766.0
R01-D02-S01,Eastfen,2021_02,1040.1,1.8828,357.66,2.891,30.89,75.69,105686.0,23915.0,1011.7,44.0,11.0,12.31,632.48,125.55,0.3,45.83,26.23,10627.0,0.33,0.0,732.0,7.27,0.48,1.5,0.64,926702.0,1720836.0,0.0
R01-D02-S02,Eastfen,2021_02,786.49,0.703,98.41,1.163,35.27,91.57,572465.0,142306.0,919.5,31.0,8.0,24.26,585.64,275.87,0.442,29.98,26.9,65019.0,0.44,1.0,545.0,6.05,0.58,1.12,0.05,1485329.0,1028698.0,0.0
R01-D02-S03,Eastfen,2021_02,608.44,1.002,126.38,3.414,58.38,83.48,1033051.0,226838.0,1005.0,45.0,7.0,9.67,348.18,84.53,0.308,51.4,29.25,124964.0,0.48,2.0,75.0,3.01,0.2,1.28,0.12,2631164.0,327081.0,740740.0
R01-D02-S04,Eastfen,2021_02,1698.07,1.7544,145.33,1.509,77.61,164.71,1237376.0,299212.0,1002.4,85.0,19.0,3.07,645.12,696.74,0.306,24.44,23.64,147208.0,0.12,0.0,3773.0,4.91,0.17,1.28,0.07,2363740.0,0.0,351502.0
R01-D03-S01,Southwater,2021_02,213.25,1.334,208.91,2.968,29.43,41.44,1205713.0,275111.0,1017.1,10.0,3.0,7.7,161.37,66.45,0.49,58.97,19.13,125883.0,0.1,1.0,2625.0,0.52,0.46,4.29,0.11,1398228.0,719849.0,629890.0
R01-D03-S02,Southwater,2021_02,1223.73,1.4957,127.81,2.839,58.58,111.08,242858.0,60200.0,970.7,57.0,17.0,32.82,283.3,283.81,0.382,33.92,27.38,26486.0,0.3,0.0,843.0,20.34,0.14,1.37,0.37,1785425.0,914397.0,395038.0
R01-D03-S03,Southwater,2021_02,1577.0,0.0,0.0,2.457,115.2,237.26,967574.0,235510.0,945.6,130.0,12.0,62.76,786.7,323.26,0.366,30.04,28.44,112635.0,0.06,0.0,746.0,0.57,0.12,0.15,0.12,707956.0,268614.0,695991.0
R01-D03-S04,Southwater,2021_02,986.09,0.0,0.0,3.487,64.02,158.71,346307.0,78070.0,935.1,54.0,11.0,8.73,609.46,310.16,0.3,44.3,24.12,37582.0,0.05,0.0,355.0,1.66,0.11,2.08,0.05,3511104.0,960801.0,560615.0
R01-D04-S01,Westmoor,2021_02,728.47,0.7844,73.14,3.244,85.78,134.83,1025254.0,240229.0,999.6,50.0,17.0,13.85,663.07,205.87,0.431,56.49,23.61,125518.0,0.39,0.0,2058.0,6.27,0.14,2.19,0.27,3514908.0,332823.0,254621.0
R01-D04-S02,Westmoor,2021_02,1665.24,0.9662,136.01,0.815,54.12,134.63,287029.0,60466.0,1008.4,96.0,27.0,17.88,548.9,660.47,0.3,18.83,26.62,23527.0,0.18,0.0,3024.0,21.7,0.36,4.12,0.27,4307316.0,1518061.0,52952.0
R01-D04-S03,Westmoor,2021_02,490.29,2.3269,402.04,2.937,47.5,98.5,766304.0,186551.0,966.9,29.0,5.0,3.04,205.73,213.97,0.319,22.51,30.46,73351.0,0.6,1.0,1539.0,0.01,0.14,1.56,0.58,939753.0,2167790.0,816366.0
R01-D05-S01,Riverend,2021_02,1334.51,1.3249,118.92,0.913,99.27,148.34,566356.0,121324.0,1044.3,89.0,19.0,36.1,340.84,476.63,0.365,23.71,31.12,48520.0,0.3,1.0,4364.0,47.03,1.09,2.44,1.03,1160290.0,1421832.0,346782.0
R01-D05-S02,Riverend,2021_02,1459.47,0.0,0.0,3.226,117.41,244.22,420249.0,102131.0,1007.5,65.0,37.0,84.36,1721.39,175.82,0.665,58.19,18.54,38737.0,0.23,1.0,421.0,7.58,0.41,0.98,1.13,270319.0,511759.0,1192354.0
R01-D05-S03,Riverend,2021_02,690.03,1.1746,137.78,2.095,46.22,79.12,180524.0,39576.0,930.4,32.0,5.0,29.64,243.62,217.05,0.616,64.26,20.77,14262.0,0.26,0.0,397.0,6.47,0.14,1.8,0.03,0.0,0.0,491033.0
R01-D06-S01,Lakeshire,2021_02,518.19,0.0,0.0,3.018,86.1,195.25,1281842.0,315542.0,964.8,52.0,15.0,23.08,585.59,55.24,0.66,83.05,15.75,102884.0,0.39,5.0,3985.0,2.74,0.34,4.78,0.72,1095891.0,1042491.0,111750.0
R01-D06-S02,Lakeshire,2021_02,1251.38,0.0,0.0,1.955,74.38,191.65,985245.0,233042.0,906.2,65.0,24.0,35.71,479.69,339.27,0.5,38.58,21.65,70471.0,0.13,0.0,639.0,27.01,0.25,1.34,0.46,1738295.0,1268382.0,614516.0
R01-D06-S03,Lakeshire,2021_02,793.75,1.9625,331.55,2.557,40.83,103.19,251129.0,51638.0,925.6,77.0,21.0,22.76,506.56,379.73,0.587,46.88,19.68,32611.0,1.03,0.0,545.0,29.21,0.8,2.97,1.96,1377512.0,718630.0,718365.0
R01-D01-S01,Northmere,2021_03,989.98,2.4049,337.02,0.83,45.03,97.23,1278492.0,268034.0,1046.3,116.0,21.0,5.39,1082.31,202.21,0.918,91.25,4.07,134803.0,0.37,0.0,3948.0,5.14,0.01,1.93,0.53,627616.0,2023066.0,209524.0
R01-D01-S02,Northmere,2021_03,1614.92,1.3324,161.89,1.798,47.6,99.09,224295.0,51521.0,1039.0,214.0,30.0,53.31,983.49,248.47,0.697,79.7,8.78,24044.0,0.3,1.0,458.0,5.8,0.85,1.56,0.61,3073666.0,0.0,674476.0
R01-D01-S03,Northmere,2021_03,1680.97,0.0,0.0,2.441,83.47,185.31,679261.0,158306.0,909.6,97.0,52.0,20.1,2071.05,742.96,0.76,64.53,9.99,87889.0,1.01,2.0,1661.0,31.28,0.46,4.49,0.31,2142094.0,908071.0,404323.0
R01-D01-S04,Northmere,2021_03,1337.0,0.9754,146.29,3.897,58.59,105.47,1155299.0,248926.0,1034.0,101.0,23.0,60.72,1700.11,355.91,0.698,72.63,16.8,148078.0,0.74,2.0,16277.0,6.44,0.04,2.57,1.76,4601877.0,1796369.0,796590.0
R01-D02-S01,Eastfen,2021_03,1040.1,0.2179,36.33,2.891,96.82,161.1,105307.0,21904.0,1011.7,63.0,13.0,18.69,555.8,210.52,0.355,46.16,31.52,10687.0,0.75,0.0,0.0,6.07,0.09,7.33,1.56,2080960.0,60338.0,899797.0
R01-D02-S02,Eastfen,2021_03,786.49,0.0,0.0,1.163,52.77,91.83,585372.0,126779.0,919.5,30.0,8.0,6.05,301.35,169.43,0.412,49.88,31.19,62031.0,0.26,0.0,4575.0,4.59,0.63,0.91,0.62,4661384.0,1297230.0,734186.0
R01-D02-S03,Eastfen,2021_03,608.44,0.0,0.0,3.414,75.46,115.97,1014697.0,208281.0,1005.0,24.0,7.0,10.97,304.19,113.78,0.326,35.04,23.59,127715.0,0.43,1.0,3007.0,2.16,0.07,3.01,0.4,1751368.0,505077.0,205512.0
R01-D02-S04,Eastfen,2021_03,1698.07,0.0,0.0,1.509,67.87,134.93,1232627.0,304568.0,1002.4,38.0,22.0,58.98,1261.84,827.65,0.395,25.95,26.76,142602.0,0.13,1.0,5131.0,2.13,0.12,3.37,0.34,894882.0,525284.0,403934.0
R01-D03-S01,Southwater,2021_03,213.25,0.0,0.0,2.968,59.49,116.65,1207412.0,247759.0,1017.1,19.0,3.0,6.75,173.4,49.87,0.528,55.43,26.56,136978.0,0.19,2.0,3239.0,0.86,0.36,0.64,0.43,2783542.0,0.0,1400060.0
R01-D03-S02,Southwater,2021_03,1223.73,0.8256,127.5,2.839,104.77,190.57,244860.0,60099.0,970.7,23.0,13.0,7.23,656.27,401.74,0.3,31.65,30.24,17830.0,0.13,1.0,1538.0,24.47,0.48,3.29,0.25,5044029.0,237497.0,0.0
R01-D03-S03,Southwater,2021_03,1577.0,0.0,0.0,2.457,73.83,103.92,947954.0,197654.0,945.6,136.0,22.0,61.14,1298.58,425.68,0.445,38.18,21.94,102665.0,0.15,0.0,1238.0,3.52,0.05,1.16,0.04,0.0,0.0,0.0
R01-D03-S04,Southwater,2021_03,986.09,0.0,0.0,3.487,67.66,101.77,356686.0,88350.0,935.1,29.0,8.0,19.59,590.92,118.4,0.424,25.58,31.88,37210.0,0.05,0.0,8.0,0.81,0.19,1.19,0.16,42551.0,843029.0,513799.0
R01-D04-S01,Westmoor,2021_03,728.47,1.3056,244.31,3.244,74.58,142.93,1019268.0,237866.0,999.6,45.0,12.0,11.76,257.31,342.13,0.537,43.21,27.73,99703.0,0.65,1.0,2622.0,7.76,0.03,4.71,0.5,1846012.0,545241.0,0.0
R01-D04-S02,Westmoor,2021_03,1665.24,1.4303,233.99,0.815,42.72,68.7,279554.0,62729.0,1008.4,45.0,25.0,34.29,985.66,244.12,0.3,34.58,25.63,32843.0,0.14,0.0,506.0,8.0,0.64,0.01,0.57,2532846.0,0.0,286019.0
R01-D04-S03,Westmoor,2021_03,490.29,0.616,59.02,2.937,53.63,119.78,767087.0,175856.0,966.9,17.0,7.0,14.78,279.49,99.54,0.39,38.6,32.99,95971.0,0.19,1.0,5154.0,0.36,0.43,1.37,0.54,271110.0,792712.0,0.0
R01-D05-S01,Riverend,2021_03,1334.51,0.0,0.0,0.913,49.65,92.38,557538.0,116092.0,1044.3,42.0,20.0,37.56,289.43,622.88,0.453,48.95,30.26,46561.0,0.53,0.0,3369.0,3.55,0.28,0.35,0.6,2433333.0,1969252.0,835309.0
R01-D05-S02,Riverend,2021_03,1459.47,0.0,0.0,3.226,116.41,181.16,430167.0,89211.0,1007.5,124.0,15.0,75.7,948.48,561.11,0.607,59.57,17.15,50808.0,0.39,1.0,1847.0,2.48,0.71,0.27,0.64,3864035.0,2128085.0,331573.0
R01-D05-S03,Riverend,2021_03,690.03,0.7123,137.7,2.095,56.26,84.83,183031.0,42153.0,930.4,63.0,8.0,10.97,396.64,205.53,0.521,70.6,16.23,14832.0,0.23,0.0,173.0,3.14,0.58,4.31,0.39,1982464.0,470968.0,361894.0
R01-D06-S01,Lakeshire,2021_03,518.19,1.3412,116.36,3.018,73.35,111.5,1307738.0,299895.0,964.8,72.0,4.0,27.4,514.33,147.94,0.748,82.82,13.95,136955.0,0.12,1.0,3822.0,2.87,0.24,1.91,0.99,2133034.0,760613.0,0.0
R01-D06-S02,Lakeshire,2021_03,1251.38,0.6992,128.09,1.955,92.18,131.51,996991.0,215072.0,906.2,65.0,17.0,15.15,332.42,507.73,0.468,59.74,24.59,110509.0,0.24,3.0,7337.0,13.38,0.48,4.36,1.5,2235302.0,1274813.0,617757.0
R01-D06-S03,Lakeshire,2021_03,793.75,1.223,235.11,2.557,21.46,33.48,247642.0,57318.0,925.6,31.0,16.0,38.2,343.3,208.68,0.446,46.19,18.76,27317.0,0.35,0.0,682.0,0.01,0.2,0.01,0.45,1378321.0,2133809.0,1232501.0
R01-D01-S01,Northmere,2021_04,989.98,0.0,0.0,0.83,87.89,151.41,1283252.0,313965.0,1046.3,99.0,16.0,31.53,1430.79,433.38,0.784,95.36,10.6,120275.0,0.25,2.0,8059.0,16.67,0.44,5.12,1.06,3294571.0,404931.0,616635.0
R01-D01-S02,Northmere,2021_04,1614.92,0.0,0.0,1.798,115.25,199.5,228750.0,54265.0,1039.0,157.0,30.0,17.46,2138.11,713.96,0.849,61.76,14.42,22772.0,0.66,0.0,1646.0,6.39,0.24,1.16,0.43,1488583.0,131014.0,1220027.0
R01-D01-S03,Northmere,2021_04,1680.97,1.1123,89.43,2.441,72.98,175.93,699156.0,147612.0,909.6,178.0,18.0,41.09,1076.24,240.19,0.585,80.69,18.94,66451.0,0.99,1.0,2896.0,9.02,0.01,9.19,0.32,0.0,839923.0,646507.0
R01-D01-S04,Northmere,2021_04,1337.0,0.5507,79.9,3.897,64.1,135.02,1134451.0,232849.0,1034.0,174.0,30.0,61.15,1182.69,602.12,0.714,82.79,14.22,121716.0,0.21,3.0,9722.0,14.0,0.3,0.99,0.78,3183600.0,0.0,522026.0
R01-D02-S01,Eastfen,2021_04,1040.1,1.991,347.7,2.891,79.4,183.11,102564.0,23705.0,1011.7,28.0,7.0,12.14,443.36,213.16,0.382,17.96,28.15,8364.0,0.17,0.0,1325.0,6.42,0.25,1.78,2.29,3763968.0,1965477.0,307056.0
R01-D02-S02,Eastfen,2021_04,786.49,0.7265,137.35,1.163,92.46,192.05,574416.0,118159.0,919.5,60.0,10.0,26.29,229.28,124.29,0.443,49.22,31.15,71728.0,0.12,1.0,3393.0,6.7,0.28,1.26,0.82,1821053.0,48639.0,846829.0
R01-D02-S03,Eastfen,2021_04,608.44,0.0,0.0,3.414,63.6,145.8,1000246.0,215648.0,1005.0,46.0,5.0,19.4,257.8,265.74,0.371,43.42,24.24,119235.0,0.33,1.0,906.0,2.66,0.29,1.17,0.15,950652.0,885450.0,544903.0
R01-D02-S04,Eastfen,2021_04,1698.07,2.135,401.96,1.509,44.17,65.25,1238306.0,253749.0,1002.4,78.0,10.0,62.37,1246.18,729.83,0.395,25.74,22.95,113914.0,0.05,1.0,1420.0,11.68,0.19,1.25,0.38,346978.0,1005417.0,789691.0
R01-D03-S01,Southwater,2021_04,213.25,1.4782,255.42,2.968,122.88,175.52,1179568.0,269586.0,1017.1,11.0,4.0,3.09,162.14,50.94,0.416,49.31,28.49,114561.0,0.38,1.0,3045.0,1.16,0.43,0.09,0.76,2318993.0,1057369.0,432113.0
R01-D03-S02,Southwater,2021_04,1223.73,0.0,0.0,2.839,70.62,179.25,247211.0,50827.0,970.7,67.0,12.0,2.47,457.51,301.22,0.3,26.17,27.56,31697.0,0.57,0.0,1823.0,3.95,0.14,4.37,0.47,0.0,1028256.0,0.0
R01-D03-S03,Southwater,2021_04,1577.0,0.6465,59.27,2.457,63.91,123.55,955503.0,231081.0,945.6,81.0,30.0,5.66,552.16,772.74,0.527,54.76,25.37,82653.0,0.06,1.0,1101.0,2.32,0.21,0.31,0.09,643280.0,450823.0,951616.0
R01-D03-S04,Southwater,2021_04,986.09,0.0,0.0,3.487,94.28,234.03,356680.0,76689.0,935.1,42.0,7.0,21.39,391.54,426.59,0.485,24.61,24.28,38439.0,0.12,0.0,584.0,1.65,0.1,0.3,0.04,0.0,0.0,613849.0
R01-D04-S01,Westmoor,2021_04,728.47,1.2625,152.46,3.244,66.75,108.73,1008952.0,228873.0,999.6,52.0,14.0,32.9,247.89,92.87,0.512,59.27,26.29,125129.0,0.12,1.0,0.0,1.0,0.27,1.14,0.66,1020214.0,364795.0,156117.0
R01-D04-S02,Westmoor,2021_04,1665.24,0.2575,49.74,0.815,110.51,259.54,280091.0,58409.0,1008.4,101.0,16.0,33.39,609.72,195.35,0.304,39.88,29.7,35002.0,0.75,0.0,433.0,2.91,0.74,1.41,0.71,3756564.0,1601497.0,774642.0
R01-D04-S03,Westmoor,2021_04,490.29,0.0,0.0,2.937,75.89,137.52,778301.0,158338.0,966.9,22.0,3.0,9.01,109.45,203.57,0.3,43.1,24.01,97626.0,0.24,0.0,1820.0,2.56,0.79,0.81,0.06,179293.0,1302712.0,401595.0
R01-D05-S01,Riverend,2021_04,1334.51,1.8517,218.91,0.913,119.09,277.92,572860.0,130980.0,1044.3,37.0,7.0,26.59,548.07,142.06,0.301,36.47,32.8,59812.0,0.59,1.0,3052.0,5.1,0.32,2.83,0.21,698326.0,942878.0,627129.0
R01-D05-S02,Riverend,2021_04,1459.47,0.0,0.0,3.226,44.29,112.12,420068.0,97544.0,1007.5,88.0,16.0,0.96,1003.1,293.04,0.532,75.66,15.1,48318.0,0.09,0.0,598.0,12.89,0.09,0.67,0.31,219356.0,1335824.0,1095941.0
R01-D05-S03,Riverend,2021_04,690.03,0.8661,94.38,2.095,81.59,179.63,179915.0,38088.0,930.4,59.0,16.0,5.93,444.85,205.28,0.652,65.06,22.35,13653.0,0.12,0.0,975.0,3.85,0.41,2.69,0.34,1284023.0,1089187.0,0.0
R01-D06-S01,Lakeshire,2021_04,518.19,1.4464,220.64,3.018,43.29,103.09,1284180.0,287015.0,964.8,27.0,5.0,5.96,607.98,156.12,0.65,82.5,15.67,120865.0,0.56,3.0,2301.0,1.5,0.32,1.11,1.87,1306158.0,1544319.0,326827.0
R01-D06-S02,Lakeshire,2021_04,1251.38,2.2588,367.0,1.955,51.05,78.9,982602.0,202791.0,906.2,67.0,8.0,60.08,341.65,364.85,0.431,47.12,18.57,83597.0,0.23,1.0,3288.0,3.66,0.94,0.01,0.55,535484.0,899530.0,0.0
R01-D06-S03,Lakeshire,2021_04,793.75,1.5605,285.58,2.557,52.9,85.56,250541.0,61260.0,925.6,65.0,17.0,12.74,274.23,347.45,0.533,48.09,18.12,18404.0,0.74,1.0,2819.0,6.03,1.13,2.33,0.4,4113904.0,795323.0,675315.0
R01-D01-S01,Northmere,2021_05,989.98,0.0,0.0,0.83,99.61,240.71,1289414.0,272322.0,1046.3,107.0,14.0,55.11,629.55,439.14,0.811,76.71,9.18,91125.0,0.6,2.0,5695.0,21.51,0.42,3.52,0.23,1580201.0,884535.0,479409.0
R01-D01-S02,Northmere,2021_05,1614.92,1.0525,201.11,1.798,89.67,163.22,224070.0,47606.0,1039.0,180.0,21.0,62.12,825.61,270.16,0.656,74.66,12.77,19871.0,0.84,0.0,273.0,13.54,0.36,1.21,0.44,3002854.0,1239226.0,1220595.0
R01-D01-S03,Northmere,2021_05,1680.97,2.7295,228.3,2.441,68.46,99.65,691352.0,155808.0,909.6,112.0,49.0,82.0,724.09,260.26,0.594,53.39,10.33,50328.0,0.38,0.0,573.0,5.11,0.73,0.01,0.73,965598.0,1527841.0,472726.0
R01-D01-S04,Northmere,2021_05,1337.0,1.7442,252.59,3.897,80.21,174.03,1124032.0,231998.0,1034.0,74.0,17.0,17.28,1717.05,255.75,0.69,83.2,16.6,95944.0,0.27,4.0,2210.0,23.12,0.47,3.25,0.46,29208.0,680254.0,851756.0
R01-D02-S01,Eastfen,2021_05,1040.1,0.5225,90.27,2.891,82.66,157.31,102322.0,24424.0,1011.7,31.0,4.0,22.09,568.28,141.4,0.327,27.23,35.44,10262.0,0.86,0.0,869.0,4.97,0.39,16.67,0.79,2212214.0,933350.0,584858.0
R01-D02-S02,Eastfen,2021_05,786.49,1.658,265.4,1.163,109.5,241.53,587164.0,119832.0,919.5,37.0,10.0,8.3,571.56,180.35,0.495,27.62,25.81,71963.0,0.47,1.0,1610.0,6.59,0.23,6.99,0.78,3824409.0,651044.0,155216.0
R01-D02-S03,Eastfen,2021_05,608.44,2.4016,399.65,3.414,102.02,159.62,1036391.0,222422.0,1005.0,35.0,6.0,3.6,206.94,84.46,0.359,30.76,23.07,126395.0,0.31,2.0,1884.0,0.46,0.24,1.83,0.11,1632370.0,778811.0,859618.0
R01-D02-S04,Eastfen,2021_05,1698.07,1.2025,100.9,1.509,84.79,158.68,1227550.0,305972.0,1002.4,127.0,22.0,29.49,489.29,727.6,0.453,40.26,24.62,131976.0,0.12,1.0,2798.0,2.66,0.05,0.53,0.4,2645473.0,0.0,127371.0
R01-D03-S01,Southwater,2021_05,213.25,0.0,0.0,2.968,46.57,80.51,1173763.0,236136.0,1017.1,13.0,4.0,4.77,181.58,71.33,0.445,37.97,22.3,120712.0,0.31,1.0,2823.0,0.6,0.5,2.33,0.68,2856765.0,832485.0,519627.0
R01-D03-S02,Southwater,2021_05,1223.73,2.9241,399.31,2.839,72.38,143.42,243474.0,56437.0,970.7,62.0,9.0,12.72,425.73,598.77,0.3,20.41,35.8,21158.0,0.2,1.0,229.0,11.09,0.15,4.28,0.13,603500.0,1191589.0,235141.0
R01-D03-S03,Southwater,2021_05,1577.0,0.8262,128.81,2.457,56.14,132.65,957481.0,192687.0,945.6,93.0,11.0,6.85,648.93,693.28,0.518,39.85,28.56,92875.0,0.03,0.0,290.0,2.6,0.11,0.12,0.07,1127081.0,843870.0,755470.0
R01-D03-S04,Southwater,2021_05,986.09,0.0,0.0,3.487,123.66,211.22,350664.0,71837.0,935.1,42.0,14.0,13.93,204.02,460.64,0.31,41.26,27.36,42876.0,0.05,0.0,256.0,2.02,0.14,0.53,0.28,2172851.0,318612.0,1020960.0
R01-D04-S01,Westmoor,2021_05,728.47,0.09,15.41,3.244,70.81,181.57,1013488.0,242162.0,999.6,20.0,12.0,4.02,238.6,190.63,0.456,36.52,19.29,123421.0,0.53,2.0,1135.0,2.21,0.24,2.54,0.16,1539565.0,198151.0,106986.0
R01-D04-S02,Westmoor,2021_05,1665.24,0.0,0.0,0.815,83.76,147.79,289243.0,67648.0,1008.4,52.0,22.0,20.19,384.61,257.21,0.3,42.01,27.16,24876.0,0.47,1.0,1483.0,11.75,0.09,0.44,0.17,1077507.0,551391.0,587632.0
R01-D04-S03,Westmoor,2021_05,490.29,1.3847,168.74,2.937,82.77,198.47,768234.0,186828.0,966.9,24.0,5.0,7.39,217.49,230.5,0.302,39.09,30.85,99165.0,0.1,1.0,5687.0,1.93,1.23,1.59,0.43,1865448.0,392226.0,378711.0
R01-D05-S01,Riverend,2021_05,1334.51,2.1089,330.81,0.913,50.28,93.77,557353.0,122928.0,1044.3,24.0,20.0,35.25,693.65,624.68,0.41,30.01,26.42,47217.0,0.27,0.0,7124.0,17.89,0.47,1.92,0.86,3197507.0,1281732.0,286148.0
R01-D05-S02,Riverend,2021_05,1459.47,0.0,0.0,3.226,63.74,127.13,433186.0,91335.0,1007.5,77.0,40.0,64.5,1718.55,701.45,0.535,50.51,17.23,31700.0,0.27,0.0,1936.0,6.11,0.52,2.7,0.21,1996713.0,344933.0,471309.0
R01-D05-S03,Riverend,2021_05,690.03,2.2145,198.86,2.095,70.86,179.85,181873.0,43769.0,930.4,32.0,15.0,25.46,421.75,90.51,0.7,45.21,20.11,22132.0,0.18,0.0,271.0,3.04,0.46,0.39,0.57,2129545.0,265933.0,674949.0
R01-D06-S01,Lakeshire,2021_05,518.19,1.9073,153.03,3.018,82.24,156.39,1269281.0,281882.0,964.8,29.0,6.0,2.78,616.22,164.27,0.777,63.68,7.95,142686.0,0.51,1.0,5522.0,10.89,0.13,3.93,0.8,3504905.0,935238.0,361658.0
R01-D06-S02,Lakeshire,2021_05,1251.38,1.9895,228.7,1.955,48.77,84.82,1005836.0,207852.0,906.2,114.0,19.0,3.06,463.44,613.76,0.615,63.42,24.86,118375.0,0.62,1.0,2286.0,14.6,0.24,2.16,0.38,877609.0,1801146.0,485319.0
R01-D06-S03,Lakeshire,2021_05,793.75,0.2692,33.12,2.557,48.26,110.89,251602.0,52264.0,925.6,67.0,4.0,33.36,299.01,294.02,0.582,60.48,23.39,28007.0,1.81,1.0,473.0,11.18,0.34,4.53,0.29,3250420.0,1030168.0,924240.0
R01-D01-S01,Northmere,2021_06,989.98,6.2435,1237.14,0.83,225.39,437.14,1306085.0,308767.0,1046.3,57.0,24.0,17.08,1338.27,234.64,0.893,70.07,5.75,109115.0,2.27,25.0,26724.0,51.97,6.23,43.81,5.76,8805567.0,3145097.0,1929446.0
R01-D01-S02,Northmere,2021_06,1614.92,4.2883,548.22,1.798,278.24,673.58,226877.0,50793.0,1039.0,78.0,28.0,79.25,1596.45,431.05,0.849,61.17,9.77,24177.0,2.73,3.0,3360.0,95.91,3.82,37.17,6.49,7024855.0,3660976.0,2356643.0
R01-D01-S03,Northmere,2021_06,1680.97,1.9228,361.08,2.441,282.95,572.5,678817.0,141106.0,909.6,105.0,34.0,8.16,1671.87,420.33,0.73,82.98,14.52,54354.0,3.97,9.0,9638.0,159.32,9.17,24.67,7.5,5915310.0,3065508.0,1464191.0
R01-D01-S04,Northmere,2021_06,1337.0,5.8625,476.07,3.897,280.03,441.84,1126180.0,233720.0,1034.0,113.0,12.0,0.97,1216.0,497.51,0.818,58.28,11.44,145221.0,2.63,2.0,23830.0,104.9,5.25,10.57,4.36,8291102.0,2595793.0,1875857.0
R01-D02-S01,Eastfen,2021_06,1040.1,6.6853,1160.91,2.891,239.85,450.33,105305.0,21251.0,1011.7,31.0,14.0,7.59,333.56,221.53,0.3,25.63,31.58,13271.0,2.66,1.0,3301.0,69.16,1.52,47.29,1.92,7485084.0,4094644.0,2030011.0
R01-D02-S02,Eastfen,2021_06,786.49,5.8802,643.82,1.163,252.51,644.14,569847.0,117400.0,919.5,56.0,16.0,25.56,591.67,203.97,0.361,49.47,21.76,51119.0,5.29,15.0,21682.0,26.55,1.95,13.12,3.4,3042969.0,2239734.0,1573770.0
R01-D02-S03,Eastfen,2021_06,608.44,2.9497,375.76,3.414,254.18,441.26,1009586.0,220092.0,1005.0,15.0,12.0,4.82,404.87,199.05,0.476,42.65,22.24,112930.0,1.15,1.0,1135.0,22.35,1.0,19.1,0.01,4845587.0,2183668.0,853461.0
R01-D02-S04,Eastfen,2021_06,1698.07,1.8687,321.25,1.509,254.5,463.37,1218565.0,272892.0,1002.4,83.0,14.0,47.89,1113.78,276.75,0.3,30.43,31.97,124533.0,0.55,3.0,10460.0,12.26,0.45,13.58,0.84,4052323.0,1537350.0,1049249.0
R01-D03-S01,Southwater,2021_06,213.25,2.1538,398.03,2.968,259.96,405.43,1180914.0,267844.0,1017.1,14.0,2.0,6.46,187.27,90.78,0.41,40.02,20.8,141893.0,0.94,11.0,20503.0,8.2,3.45,9.9,3.28,7927318.0,2282157.0,917196.0
R01-D03-S02,Southwater,2021_06,1223.73,4.5413,595.31,2.839,216.9,556.23,248761.0,60117.0,970.7,27.0,7.0,31.44,260.82,450.66,0.336,43.81,31.21,29553.0,1.13,7.0,9378.0,24.55,0.59,12.96,3.72,4229039.0,2393998.0,1634216.0
R01-D03-S03,Southwater,2021_06,1577.0,0.3888,53.12,2.457,267.17,478.92,956354.0,194808.0,945.6,57.0,26.0,34.07,781.06,724.12,0.508,45.91,28.22,76193.0,0.5,4.0,2343.0,31.81,0.61,2.21,0.65,2769569.0,1592053.0,1300731.0
R01-D03-S04,Southwater,2021_06,986.09,2.2203,193.56,3.487,282.76,449.22,355564.0,84900.0,935.1,65.0,16.0,23.62,324.24,432.9,0.375,29.09,27.23,44496.0,1.0,0.0,1057.0,26.93,2.65,2.1,1.12,3709981.0,1970616.0,1567636.0
R01-D04-S01,Westmoor,2021_06,728.47,3.3293,416.8,3.244,264.26,684.83,1024731.0,229973.0,999.6,38.0,14.0,2.16,361.3,120.66,0.392,63.59,27.81,94784.0,2.78,17.0,7502.0,22.5,3.29,5.76,0.56,4172459.0,2777346.0,965905.0
R01-D04-S02,Westmoor,2021_06,1665.24,4.4529,780.49,0.815,261.23,391.59,279646.0,56344.0,1008.4,99.0,19.0,33.45,460.22,630.25,0.375,33.38,29.29,36199.0,0.94,3.0,4799.0,30.84,4.9,14.0,1.48,7047810.0,1359562.0,1758782.0
R01-D04-S03,Westmoor,2021_06,490.29,4.23,639.81,2.937,226.78,554.25,784013.0,167876.0,966.9,31.0,3.0,10.67,142.04,189.09,0.305,37.25,33.57,79842.0,0.36,4.0,6595.0,18.65,5.16,5.4,0.23,6238434.0,3001563.0,1843347.0
R01-D05-S01,Riverend,2021_06,1334.51,6.1161,741.19,0.913,222.37,454.48,565681.0,128340.0,1044.3,89.0,14.0,30.7,613.48,475.58,0.3,33.99,28.5,53915.0,0.79,4.0,23570.0,274.24,7.26,61.22,1.51,8440358.0,2354855.0,1484914.0
R01-D05-S02,Riverend,2021_06,1459.47,2.6111,279.88,3.226,255.23,635.15,429118.0,85940.0,1007.5,169.0,10.0,17.86,1164.0,683.46,0.717,50.24,19.91,31102.0,0.51,8.0,7993.0,106.37,1.85,11.86,3.75,5045112.0,2592822.0,1819037.0
R01-D05-S03,Riverend,2021_06,690.03,2.3726,459.94,2.095,252.86,398.35,181746.0,36617.0,930.4,66.0,15.0,40.17,254.59,135.07,0.649,46.96,15.89,20892.0,2.49,1.0,4659.0,14.31,1.1,19.12,0.69,6524336.0,2267294.0,829662.0
R01-D06-S01,Lakeshire,2021_06,518.19,5.5127,1094.56,3.018,272.41,625.19,1312703.0,301922.0,964.8,38.0,6.0,29.39,589.97,169.22,0.662,67.6,9.58,162892.0,8.15,4.0,20114.0,18.87,1.14,9.44,0.01,5891659.0,3455361.0,1233379.0
R01-D06-S02,Lakeshire,2021_06,1251.38,2.2904,451.16,1.955,280.25,627.29,1005233.0,222833.0,906.2,55.0,19.0,44.02,774.95,528.43,0.553,39.03,16.91,73750.0,3.88,5.0,31105.0,258.82,0.97,4.33,3.15,6748900.0,1800819.0,1584035.0
R01-D06-S03,Lakeshire,2021_06,793.75,6.8788,1131.06,2.557,278.74,444.19,252943.0,53894.0,925.6,32.0,14.0,15.88,479.7,392.93,0.47,67.09,17.64,31384.0,4.9,5.0,35037.0,114.34,8.91,71.12,5.4,8439433.0,3700623.0,2324390.0
R01-D01-S01,Northmere,2021_07,989.98,4.2131,576.52,0.83,268.67,420.73,1276735.0,280084.0,1046.3,121.0,27.0,58.04,761.28,216.02,0.815,82.33,9.57,94703.0,3.17,11.0,71740.0,11.2,5.81,4.75,8.91,8245972.0,2859427.0,1998703.0
R01-D01-S02,Northmere,2021_07,1614.92,3.8051,401.68,1.798,226.73,425.47,224272.0,52901.0,1039.0,109.0,58.0,29.51,1205.77,240.59,0.838,64.82,12.61,20069.0,1.41,2.0,19697.0,0.01,4.76,17.7,3.25,5071468.0,3130110.0,1733074.0
R01-D01-S03,Northmere,2021_07,1680.97,4.3386,597.5,2.441,266.61,579.96,692548.0,140152.0,909.6,219.0,13.0,42.62,1326.78,265.83,0.629,72.16,18.47,70308.0,2.35,2.0,89939.0,143.15,8.42,12.24,3.3,7789520.0,3987245.0,2144353.0
R01-D01-S04,Northmere,2021_07,1337.0,5.0386,717.02,3.897,278.85,603.19,1143750.0,242322.0,1034.0,52.0,45.0,62.06,766.68,212.51,0.745,61.43,16.81,111441.0,4.37,6.0,46886.0,84.72,14.09,38.07,9.16,7295046.0,4365451.0,2063165.0
R01-D02-S01,Eastfen,2021_07,1040.1,6.7039,680.18,2.891,272.8,606.96,105818.0,25975.0,1011.7,64.0,5.0,8.97,289.43,291.01,0.3,40.44,32.4,13646.0,2.66,2.0,3724.0,12.01,4.96,21.12,6.88,10610252.0,3386651.0,1891808.0
R01-D02-S02,Eastfen,2021_07,786.49,4.164,444.61,1.163,177.61,409.56,569262.0,114329.0,919.5,55.0,7.0,22.47,593.14,240.74,0.346,50.11,24.67,42716.0,0.97,11.0,17014.0,63.82,3.05,15.23,0.67,3536745.0,2026308.0,1723790.0
R01-D02-S03,Eastfen,2021_07,608.44,1.5981,152.85,3.414,206.5,293.64,1022443.0,205051.0,1005.0,19.0,10.0,20.77,342.76,125.28,0.342,47.47,24.22,101140.0,3.09,4.0,27158.0,4.92,1.9,0.6,0.18,5439358.0,1367686.0,466484.0
R01-D02-S04,Eastfen,2021_07,1698.07,1.7164,144.98,1.509,303.57,682.44,1226190.0,264152.0,1002.4,67.0,23.0,44.62,1265.34,283.82,0.311,24.04,26.07,97492.0,0.56,2.0,3322.0,6.38,0.62,3.91,0.83,1815513.0,1765015.0,1616152.0
R01-D03-S01,Southwater,2021_07,213.25,1.9415,265.88,2.968,216.72,430.53,1186838.0,266585.0,1017.1,14.0,5.0,1.6,57.4,81.42,0.547,52.46,27.8,96498.0,5.97,2.0,58870.0,12.57,1.37,18.06,4.57,7307991.0,1512508.0,1577710.0
R01-D03-S02,Southwater,2021_07,1223.73,4.5043,703.64,2.839,252.95,451.55,244379.0,57010.0,970.7,33.0,11.0,12.96,539.01,454.43,0.352,37.99,30.51,17837.0,0.99,1.0,12640.0,41.35,2.61,9.22,2.77,6825650.0,2620433.0,1777142.0
R01-D03-S03,Southwater,2021_07,1577.0,3.3167,329.46,2.457,248.76,435.33,957013.0,235151.0,945.6,47.0,19.0,57.38,716.91,342.07,0.346,45.99,22.83,89819.0,1.19,1.0,8978.0,16.76,0.7,2.1,0.8,2445895.0,1800330.0,1225880.0
R01-D03-S04,Southwater,2021_07,986.09,0.4963,41.59,3.487,238.38,499.65,357041.0,75557.0,935.1,76.0,17.0,32.21,454.64,338.85,0.361,48.39,25.87,29604.0,0.5,1.0,1838.0,21.17,1.06,4.24,0.43,3344986.0,1598653.0,512355.0
R01-D04-S01,Westmoor,2021_07,728.47,2.2579,362.31,3.244,258.26,624.26,1020131.0,232391.0,999.6,37.0,12.0,27.37,262.42,195.1,0.439,34.03,24.39,102160.0,1.44,11.0,22788.0,37.17,0.42,12.2,6.47,6154790.0,2496621.0,1916101.0
R01-D04-S02,Westmoor,2021_07,1665.24,0.5563,90.85,0.815,265.27,645.9,283758.0,65221.0,1008.4,57.0,15.0,31.54,408.94,579.79,0.376,22.49,33.05,32925.0,3.83,1.0,2965.0,9.32,6.2,19.15,4.09,6737817.0,2421889.0,1689488.0
R01-D04-S03,Westmoor,2021_07,490.29,2.8275,262.23,2.937,319.72,460.88,771844.0,181571.0,966.9,25.0,3.0,11.16,147.66,96.54,0.426,30.63,25.54,56740.0,1.29,7.0,17648.0,3.29,2.23,18.96,1.65,4415841.0,2218563.0,1872771.0
R01-D05-S01,Riverend,2021_07,1334.51,6.268,1181.23,0.913,250.89,511.9,571248.0,133106.0,1044.3,83.0,17.0,12.14,247.62,588.91,0.3,35.57,31.52,61779.0,9.29,11.0,56312.0,225.48,0.61,3.05,4.41,10553206.0,3048178.0,2414359.0
R01-D05-S02,Riverend,2021_07,1459.47,2.5587,394.28,3.226,266.09,460.55,422757.0,91048.0,1007.5,106.0,36.0,61.07,1537.74,475.8,0.715,47.84,21.9,47389.0,0.19,5.0,16505.0,14.88,2.75,23.51,2.94,6072436.0,2512007.0,1105843.0
R01-D05-S03,Riverend,2021_07,690.03,2.7282,221.68,2.095,236.35,496.35,183940.0,36955.0,930.4,75.0,6.0,24.09,267.62,212.05,0.616,72.39,19.85,16698.0,0.01,2.0,6356.0,9.86,3.15,17.97,0.93,2275312.0,2063476.0,554208.0
R01-D06-S01,Lakeshire,2021_07,518.19,3.1341,436.34,3.018,282.91,727.27,1290000.0,267138.0,964.8,20.0,10.0,37.56,560.53,51.85,0.683,69.66,10.29,161027.0,3.31,7.0,43399.0,26.68,4.03,0.01,6.03,6387976.0,2617458.0,2001381.0
R01-D06-S02,Lakeshire,2021_07,1251.38,3.5319,419.46,1.955,215.87,375.15,997384.0,240925.0,906.2,110.0,13.0,51.33,1107.32,284.25,0.472,66.95,22.01,85079.0,4.38,2.0,26503.0,60.91,3.78,23.34,6.24,7842941.0,1104679.0,1763436.0
R01-D06-S03,Lakeshire,2021_07,793.75,4.8612,739.29,2.557,224.31,530.21,252201.0,59631.0,925.6,45.0,17.0,30.29,809.83,98.98,0.532,53.31,16.48,30796.0,5.81,4.0,10676.0,7.17,5.84,24.09,0.01,7523192.0,3937471.0,1997360.0
R01-D01-S01,Northmere,2021_08,989.98,5.4563,887.71,0.83,274.34,576.62,1273563.0,265080.0,1046.3,44.0,9.0,40.19,1303.41,181.43,0.912,85.43,6.32,153792.0,4.41,11.0,59869.0,50.07,3.94,28.89,8.28,4762829.0,3051724.0,1355751.0
R01-D01-S02,Northmere,2021_08,1614.92,4.497,424.98,1.798,214.35,372.73,226133.0,47104.0,1039.0,82.0,57.0,74.25,1805.85,434.74,0.669,86.71,10.96,27420.0,0.98,2.0,3376.0,114.19,2.28,18.79,5.37,8096732.0,2979790.0,1610913.0
R01-D01-S03,Northmere,2021_08,1680.97,5.1775,564.65,2.441,292.42,569.23,676913.0,143107.0,909.6,87.0,37.0,65.5,2098.03,345.62,0.77,73.78,16.81,86332.0,4.97,18.0,11074.0,3.56,5.17,18.63,1.38,6842063.0,2514750.0,2156833.0
R01-D01-S04,Northmere,2021_08,1337.0,3.9324,444.32,3.897,246.64,401.66,1161392.0,249316.0,1034.0,153.0,14.0,53.28,1764.81,574.9,0.647,76.46,9.74,132017.0,2.58,18.0,55595.0,152.8,1.97,25.44,7.51,6231050.0,3646785.0,2318778.0
R01-D02-S01,Eastfen,2021_08,1040.1,6.9498,575.96,2.891,284.76,557.62,102987.0,24420.0,1011.7,29.0,12.0,27.1,279.4,407.9,0.3,28.49,34.2,8887.0,2.79,1.0,1635.0,187.82,0.12,29.25,11.06,6847791.0,2843547.0,2168821.0
R01-D02-S02,Eastfen,2021_08,786.49,2.7199,539.28,1.163,285.7,417.93,571589.0,126601.0,919.5,18.0,11.0,6.32,576.67,247.4,0.354,38.79,29.77,42083.0,2.36,3.0,24296.0,61.31,0.54,4.43,1.68,5396513.0,4021979.0,1944246.0
R01-D02-S03,Eastfen,2021_08,608.44,3.7614,314.54,3.414,253.29,360.95,1002785.0,213554.0,1005.0,17.0,4.0,21.09,354.76,126.92,0.434,54.56,22.18,95345.0,3.83,3.0,6180.0,19.2,1.65,16.2,1.22,5764651.0,1870425.0,1320423.0
R01-D02-S04,Eastfen,2021_08,1698.07,1.4469,267.14,1.509,274.18,468.77,1219605.0,278807.0,1002.4,71.0,31.0,27.21,690.18,260.7,0.411,41.63,29.49,118058.0,2.27,7.0,9563.0,44.7,1.92,4.42,0.24,5088593.0,1335692.0,1293475.0
R01-D03-S01,Southwater,2021_08,213.25,2.9062,566.87,2.968,273.93,564.3,1176464.0,262612.0,1017.1,15.0,2.0,5.05,121.96,32.83,0.379,32.54,22.77,82924.0,1.84,6.0,62395.0,1.53,4.6,0.55,4.91,6154768.0,2790327.0,1524746.0
R01-D03-S02,Southwater,2021_08,1223.73,4.4513,395.96,2.839,244.74,534.7,247271.0,53449.0,970.7,44.0,13.0,24.33,310.74,188.42,0.346,17.63,30.26,18881.0,4.46,2.0,4052.0,71.57,4.23,13.86,1.71,6129708.0,3002013.0,1509662.0
R01-D03-S03,Southwater,2021_08,1577.0,2.343,250.11,2.457,270.1,556.53,968874.0,216558.0,945.6,49.0,34.0,64.16,767.94,636.58,0.493,40.72,25.0,82753.0,0.77,2.0,13759.0,5.68,0.1,3.97,1.4,2399991.0,2486898.0,851845.0
R01-D03-S04,Southwater,2021_08,986.09,0.0,0.0,3.487,261.61,584.11,359408.0,72887.0,935.1,57.0,5.0,21.84,623.18,156.52,0.452,35.24,32.2,38341.0,0.44,2.0,1834.0,9.6,1.9,2.67,1.66,3206163.0,354927.0,675293.0
R01-D04-S01,Westmoor,2021_08,728.47,0.1968,19.37,3.244,254.0,559.18,1011982.0,238361.0,999.6,55.0,7.0,35.38,336.52,363.67,0.438,62.79,27.86,117872.0,2.02,13.0,50936.0,95.51,2.94,9.33,3.2,5707535.0,2753893.0,1442796.0
R01-D04-S02,Westmoor,2021_08,1665.24,5.0652,491.01,0.815,268.93,527.08,289168.0,63135.0,1008.4,51.0,17.0,10.75,814.82,613.05,0.3,41.2,28.22,22883.0,0.89,1.0,7202.0,259.78,2.96,5.84,2.6,8213963.0,2099764.0,1388685.0
R01-D04-S03,Westmoor,2021_08,490.29,2.2263,268.08,2.937,240.62,456.88,756611.0,155301.0,966.9,24.0,8.0,5.79,271.28,230.5,0.44,45.74,26.37,53882.0,1.86,7.0,862.0,31.83,2.18,25.12,5.06,6123482.0,1474420.0,1534052.0
R01-D05-S01,Riverend,2021_08,1334.51,5.6509,1086.25,0.913,263.03,384.93,569930.0,114033.0,1044.3,57.0,17.0,18.2,612.12,651.05,0.453,29.5,28.05,62464.0,8.52,6.0,11911.0,43.42,10.61,24.49,9.33,8653913.0,3180289.0,1245837.0
R01-D05-S02,Riverend,2021_08,1459.47,3.4926,505.33,3.226,228.35,507.66,422954.0,90306.0,1007.5,79.0,45.0,47.2,1197.97,578.84,0.7,60.6,12.96,45762.0,0.87,0.0,3658.0,118.14,4.82,2.04,1.06,7203934.0,1838836.0,1634563.0
R01-D05-S03,Riverend,2021_08,690.03,3.1676,482.66,2.095,269.14,560.21,182388.0,39826.0,930.4,60.0,5.0,31.78,741.72,304.85,0.638,69.05,21.37,19070.0,0.05,0.0,342.0,53.11,1.25,4.87,2.97,5227852.0,3060149.0,329119.0
R01-D06-S01,Lakeshire,2021_08,518.19,5.007,634.31,3.018,297.13,661.57,1306062.0,280404.0,964.8,62.0,5.0,20.36,436.47,101.94,0.807,64.4,13.91,98246.0,3.96,7.0,70000.0,8.25,2.06,31.44,1.92,7484173.0,3145041.0,1978141.0
R01-D06-S02,Lakeshire,2021_08,1251.38,1.691,160.66,1.955,292.67,708.11,984024.0,244198.0,906.2,106.0,14.0,57.93,1032.64,534.93,0.615,47.57,16.98,126823.0,1.39,13.0,0.0,54.87,1.85,15.92,3.48,5793681.0,2152113.0,1738932.0
R01-D06-S03,Lakeshire,2021_08,793.75,4.3904,491.96,2.557,242.01,373.69,255281.0,54828.0,925.6,60.0,18.0,8.46,365.6,174.07,0.487,63.41,16.52,18421.0,0.79,4.0,23560.0,45.07,6.78,32.36,0.41,9711195.0,2919798.0,1871239.0
R01-D01-S01,Northmere,2021_09,989.98,3.6114,417.43,0.83,252.37,383.98,1275307.0,266509.0,1046.3,63.0,19.0,78.02,977.72,149.1,0.859,93.51,7.41,164822.0,8.06,3.0,7688.0,24.45,0.06,41.88,2.96,7772711.0,3679584.0,2018806.0
R01-D01-S02,Northmere,2021_09,1614.92,4.7868,457.24,1.798,266.09,523.34,231334.0,49400.0,1039.0,82.0,39.0,117.38,1634.16,203.61,0.798,67.08,8.73,17939.0,2.58,3.0,16696.0,17.59,4.75,12.4,3.63,8624439.0,2054915.0,1281443.0
R01-D01-S03,Northmere,2021_09,1680.97,3.6182,695.82,2.441,227.59,436.02,681052.0,169172.0,909.6,187.0,23.0,5.75,842.47,468.7,0.754,67.79,10.27,55416.0,2.81,16.0,62329.0,22.2,2.55,29.34,2.24,12329770.0,2625563.0,2341156.0
R01-D01-S04,Northmere,2021_09,1337.0,4.0466,387.39,3.897,249.74,393.39,1158802.0,233960.0,1034.0,148.0,29.0,51.22,1735.89,321.76,0.762,59.28,15.53,124276.0,1.41,17.0,42232.0,73.4,0.77,8.23,9.42,9592753.0,2892126.0,1046176.0
R01-D02-S01,Eastfen,2021_09,1040.1,8.2642,1013.02,2.891,273.42,664.41,104522.0,24976.0,1011.7,54.0,10.0,27.34,326.71,445.88,0.3,37.73,34.39,11508.0,3.62,0.0,0.0,7.1,2.58,40.63,5.35,9642932.0,5016321.0,2256544.0
R01-D02-S02,Eastfen,2021_09,786.49,3.5536,674.87,1.163,256.04,628.37,583629.0,132498.0,919.5,61.0,4.0,21.28,205.24,113.02,0.333,46.93,29.98,66106.0,3.74,1.0,8207.0,12.29,0.7,19.26,1.09,7621042.0,2209776.0,1349062.0
R01-D02-S03,Eastfen,2021_09,608.44,1.7637,292.49,3.414,240.23,379.02,1036230.0,213947.0,1005.0,13.0,7.0,0.55,147.32,129.45,0.417,38.97,27.11,74701.0,2.22,4.0,48415.0,22.58,3.4,9.41,3.15,3964989.0,2398040.0,1005062.0
R01-D02-S04,Eastfen,2021_09,1698.07,1.0945,136.6,1.509,242.83,376.04,1230620.0,246590.0,1002.4,44.0,27.0,13.09,979.74,606.51,0.349,49.49,31.3,105918.0,0.63,12.0,3638.0,38.06,1.05,7.39,0.03,3355095.0,2631778.0,1569179.0
R01-D03-S01,Southwater,2021_09,213.25,2.12,225.81,2.968,272.17,524.32,1187857.0,293528.0,1017.1,13.0,2.0,7.19,184.45,49.85,0.407,55.17,19.47,107035.0,2.2,4.0,64375.0,17.67,4.76,7.02,2.81,6018256.0,2078644.0,700660.0
R01-D03-S02,Southwater,2021_09,1223.73,3.333,431.76,2.839,252.25,388.05,244016.0,50363.0,970.7,65.0,8.0,10.28,458.17,426.81,0.326,39.41,30.11,24016.0,5.79,1.0,11266.0,158.58,2.51,14.88,0.84,5295885.0,2424880.0,1878294.0
R01-D03-S03,Southwater,2021_09,1577.0,0.0,0.0,2.457,219.01,445.38,954359.0,205655.0,945.6,124.0,31.0,66.28,849.41,422.55,0.373,53.96,25.87,117376.0,0.05,1.0,10739.0,4.1,0.44,1.18,1.14,5118215.0,1262926.0,1327705.0
R01-D03-S04,Southwater,2021_09,986.09,1.0522,98.11,3.487,267.0,410.34,349552.0,77710.0,935.1,33.0,19.0,34.92,722.7,151.76,0.459,25.97,25.87,43636.0,1.52,0.0,6111.0,16.26,1.11,3.76,0.67,4756212.0,2482091.0,979037.0
R01-D04-S01,Westmoor,2021_09,728.47,4.8327,822.72,3.244,224.77,347.83,1013973.0,250627.0,999.6,68.0,14.0,18.79,570.67,232.92,0.477,37.49,26.27,116130.0,0.83,2.0,41154.0,36.17,4.08,4.39,1.6,8401779.0,2736049.0,638721.0
R01-D04-S02,Westmoor,2021_09,1665.24,2.7949,243.62,0.815,224.59,386.8,286159.0,59146.0,1008.4,51.0,12.0,32.6,371.34,811.34,0.317,29.87,28.89,34167.0,2.46,0.0,10198.0,35.54,2.73,10.53,5.78,5529001.0,2149720.0,961361.0
R01-D04-S03,Westmoor,2021_09,490.29,3.5355,597.0,2.937,259.41,502.93,759015.0,170067.0,966.9,15.0,3.0,4.87,254.26,113.76,0.34,24.78,30.58,61790.0,1.98,0.0,16718.0,7.29,1.73,3.5,4.3,5465496.0,1917243.0,1563023.0
R01-D05-S01,Riverend,2021_09,1334.51,4.0873,668.95,0.913,274.52,401.16,561958.0,120057.0,1044.3,88.0,9.0,28.2,835.15,196.11,0.303,31.07,26.12,55196.0,2.0,6.0,21577.0,76.83,3.52,9.17,3.35,9868025.0,2399864.0,2211302.0
R01-D05-S02,Riverend,2021_09,1459.47,1.1048,161.44,3.226,251.44,501.55,433590.0,92865.0,1007.5,70.0,19.0,55.18,681.57,302.62,0.566,60.47,17.14,39719.0,1.09,0.0,4970.0,52.94,3.6,14.81,3.42,7009523.0,2429589.0,1751548.0
R01-D05-S03,Riverend,2021_09,690.03,2.0018,394.11,2.095,267.31,415.46,181853.0,41359.0,930.4,31.0,16.0,28.73,374.26,96.41,0.641,53.39,18.7,17747.0,3.1,2.0,1405.0,23.37,1.74,15.43,2.36,3536258.0,1531367.0,1294794.0
R01-D06-S01,Lakeshire,2021_09,518.19,3.9255,597.03,3.018,278.87,631.16,1296608.0,260040.0,964.8,47.0,4.0,12.74,306.43,223.28,0.687,58.18,11.19,121552.0,2.4,9.0,53799.0,35.67,1.42,10.44,3.29,3891254.0,2832946.0,1896216.0
R01-D06-S02,Lakeshire,2021_09,1251.38,2.7761,513.8,1.955,254.93,649.76,971920.0,221458.0,906.2,72.0,10.0,65.03,1147.99,318.56,0.452,48.66,21.1,121679.0,1.89,3.0,25884.0,87.11,1.53,11.16,5.96,9339985.0,3138951.0,1620648.0
R01-D06-S03,Lakeshire,2021_09,793.75,5.341,825.99,2.557,279.61,698.39,247931.0,57420.0,925.6,69.0,5.0,0.69,631.0,337.29,0.533,59.26,17.29,24609.0,0.01,3.0,2453.0,171.92,2.06,19.08,13.31,5764429.0,3706315.0,2557705.0
R01-D01-S01,Northmere,2021_10,989.98,0.0132,1.57,0.83,93.2,197.4,1298462.0,283833.0,1046.3,41.0,40.0,6.39,1549.58,161.77,0.882,77.35,10.49,92873.0,0.12,0.0,2641.0,4.72,0.23,0.01,0.69,3928943.0,1518282.0,279766.0
R01-D01-S02,Northmere,2021_10,1614.92,0.6017,99.58,1.798,78.97,141.97,228199.0,54287.0,1039.0,201.0,34.0,98.27,1229.1,193.33,0.706,67.64,10.43,28800.0,0.38,1.0,584.0,3.53,0.31,4.33,0.61,4174521.0,863186.0,802526.0
R01-D01-S03,Northmere,2021_10,1680.97,1.0829,140.82,2.441,138.64,318.89,678834.0,138852.0,909.6,201.0,24.0,28.3,585.99,303.42,0.68,79.3,14.21,87150.0,0.82,2.0,4168.0,16.73,0.59,2.24,0.82,2182578.0,1182335.0,1246892.0
R01-D01-S04,Northmere,2021_10,1337.0,0.0,0.0,3.897,58.06,81.94,1127993.0,252815.0,1034.0,183.0,15.0,28.6,1399.48,381.63,0.724,64.31,16.44,123154.0,0.93,2.0,13191.0,21.25,0.73,3.36,1.54,1838443.0,648025.0,595325.0
R01-D02-S01,Eastfen,2021_10,1040.1,1.8393,205.22,2.891,58.8,121.02,104626.0,23864.0,1011.7,46.0,6.0,25.65,595.45,498.83,0.3,21.08,35.76,13217.0,0.8,0.0,212.0,2.51,0.99,2.48,0.75,2598585.0,1271125.0,984582.0
R01-D02-S02,Eastfen,2021_10,786.49,0.5786,97.29,1.163,64.26,94.19,587201.0,126605.0,919.5,37.0,10.0,16.33,436.76,392.86,0.346,50.83,29.23,67620.0,0.2,1.0,1695.0,13.49,0.08,0.78,1.25,2183725.0,764753.0,591042.0
R01-D02-S03,Eastfen,2021_10,608.44,0.0,0.0,3.414,70.92,148.27,1033644.0,254081.0,1005.0,33.0,7.0,10.69,139.92,275.88,0.49,45.58,31.81,97955.0,0.15,0.0,2787.0,8.76,0.14,2.99,0.71,2092862.0,1298322.0,90121.0
R01-D02-S04,Eastfen,2021_10,1698.07,0.0,0.0,1.509,80.67,208.56,1199636.0,282326.0,1002.4,52.0,25.0,20.83,590.45,604.19,0.396,46.5,24.68,144776.0,0.09,0.0,4452.0,2.09,0.23,0.29,0.34,3832765.0,481840.0,0.0
R01-D03-S01,Southwater,2021_10,213.25,0.0,0.0,2.968,72.54,142.02,1208978.0,244536.0,1017.1,20.0,1.0,4.0,139.07,84.25,0.525,51.56,21.09,123569.0,0.1,2.0,3669.0,2.88,0.34,1.27,0.35,1800820.0,1084563.0,803807.0
R01-D03-S02,Southwater,2021_10,1223.73,0.0,0.0,2.839,98.96,192.9,241117.0,51612.0,970.7,62.0,12.0,0.91,618.7,303.43,0.3,39.17,27.29,30877.0,0.15,0.0,539.0,17.09,0.61,2.21,0.81,3210210.0,404134.0,31970.0
R01-D03-S03,Southwater,2021_10,1577.0,2.5391,390.63,2.457,87.82,186.87,982890.0,217620.0,945.6,39.0,24.0,20.22,483.84,247.93,0.49,31.13,27.67,100428.0,0.16,0.0,1416.0,1.69,0.1,0.69,0.27,1786496.0,445591.0,154069.0
R01-D03-S04,Southwater,2021_10,986.09,0.7821,94.79,3.487,50.67,127.62,346722.0,77544.0,935.1,34.0,7.0,35.15,628.91,150.84,0.401,44.13,22.94,42431.0,0.21,0.0,122.0,2.18,0.1,0.09,0.24,0.0,72573.0,0.0
R01-D04-S01,Westmoor,2021_10,728.47,2.0256,193.5,3.244,81.33,206.64,1002397.0,217858.0,999.6,44.0,9.0,4.12,226.47,288.41,0.391,40.33,23.84,91681.0,0.46,1.0,5919.0,6.69,0.24,0.87,0.25,225534.0,439871.0,106993.0
R01-D04-S02,Westmoor,2021_10,1665.24,1.0277,95.61,0.815,70.1,117.01,286932.0,66439.0,1008.4,68.0,14.0,20.41,431.96,532.33,0.3,33.13,26.29,23591.0,0.48,0.0,398.0,40.26,0.01,1.03,0.23,1626222.0,0.0,626625.0
R01-D04-S03,Westmoor,2021_10,490.29,0.0,0.0,2.937,71.58,113.99,777396.0,188585.0,966.9,18.0,8.0,12.39,334.24,219.79,0.437,28.24,29.48,57701.0,0.01,1.0,1449.0,2.96,0.2,2.38,0.38,0.0,744006.0,650645.0
R01-D05-S01,Riverend,2021_10,1334.51,0.0,0.0,0.913,108.85,227.67,575006.0,132542.0,1044.3,47.0,16.0,22.48,367.7,563.14,0.374,35.0,24.97,40668.0,0.44,0.0,5079.0,37.67,0.25,3.6,0.01,5078344.0,1315542.0,1077942.0
R01-D05-S02,Riverend,2021_10,1459.47,2.4296,376.67,3.226,113.75,259.54,435813.0,96249.0,1007.5,99.0,33.0,79.87,501.49,359.39,0.597,69.68,14.1,55391.0,0.29,0.0,3512.0,3.56,0.97,1.16,0.23,1502571.0,414159.0,0.0
R01-D05-S03,Riverend,2021_10,690.03,0.0583,9.93,2.095,40.75,81.72,182604.0,37383.0,930.4,79.0,21.0,34.5,729.23,224.42,0.635,74.27,21.25,19291.0,0.17,0.0,216.0,5.47,0.35,1.72,0.24,1023356.0,676724.0,473199.0
R01-D06-S01,Lakeshire,2021_10,518.19,2.3915,444.02,3.018,72.94,164.6,1275274.0,290714.0,964.8,40.0,17.0,20.68,219.57,156.11,0.715,67.67,13.76,143566.0,0.1,1.0,1152.0,2.22,0.95,2.09,0.59,2890804.0,1254798.0,793417.0
R01-D06-S02,Lakeshire,2021_10,1251.38,0.0,0.0,1.955,86.99,146.02,981910.0,204514.0,906.2,45.0,23.0,15.82,769.96,126.82,0.428,41.68,17.94,94045.0,0.23,1.0,843.0,4.76,0.25,1.52,0.01,3587050.0,0.0,218177.0
R01-D06-S03,Lakeshire,2021_10,793.75,1.0814,208.24,2.557,77.02,146.91,247639.0,52884.0,925.6,42.0,9.0,39.01,308.54,328.36,0.545,43.5,21.99,31038.0,0.66,1.0,1270.0,30.2,1.05,2.17,0.01,2119079.0,1518066.0,986035.0
R01-D01-S01,Northmere,2021_11,989.98,0.0821,7.69,0.83,26.6,53.37,1318200.0,275281.0,1046.3,63.0,16.0,74.24,1587.19,482.69,0.868,92.58,4.63,115433.0,0.16,5.0,5941.0,10.1,0.71,4.51,0.39,171952.0,552407.0,517241.0
R01-D01-S02,Northmere,2021_11,1614.92,2.8133,357.0,1.798,70.56,102.95,228076.0,54873.0,1039.0,173.0,17.0,19.57,1352.37,172.87,0.802,80.36,11.97,19439.0,1.1,0.0,1864.0,8.46,0.35,0.35,0.89,3302191.0,507964.0,526031.0
R01-D01-S03,Northmere,2021_11,1680.97,0.3508,42.26,2.441,94.44,194.2,674629.0,154953.0,909.6,171.0,51.0,57.82,2119.25,270.87,0.743,63.82,17.53,72490.0,0.57,2.0,2843.0,3.09,1.26,5.26,0.77,2929086.0,174340.0,760912.0
R01-D01-S04,Northmere,2021_11,1337.0,0.0016,0.23,3.897,71.17,146.14,1140930.0,255754.0,1034.0,99.0,40.0,24.76,1496.69,593.23,0.73,76.32,13.6,114197.0,0.85,1.0,17133.0,60.53,0.26,1.3,0.5,0.0,627763.0,319171.0
R01-D02-S01,Eastfen,2021_11,1040.1,1.4966,133.37,2.891,76.45,159.36,103836.0,22645.0,1011.7,19.0,6.0,17.27,424.32,519.56,0.341,39.65,28.82,10311.0,0.91,0.0,1778.0,17.52,0.44,1.36,0.25,2966548.0,591071.0,544403.0
R01-D02-S02,Eastfen,2021_11,786.49,2.5424,279.46,1.163,56.75,122.51,573272.0,121445.0,919.5,63.0,15.0,29.4,359.78,107.36,0.365,30.64,29.14,46343.0,0.52,1.0,3488.0,3.38,0.98,2.73,0.36,639404.0,621777.0,216778.0
R01-D02-S03,Eastfen,2021_11,608.44,0.0,0.0,3.414,133.26,293.45,1019366.0,242057.0,1005.0,32.0,9.0,21.9,431.74,210.66,0.441,35.59,27.69,78717.0,0.25,1.0,1698.0,9.17,0.12,1.37,0.29,1519813.0,317978.0,424709.0
R01-D02-S04,Eastfen,2021_11,1698.07,0.0275,4.21,1.509,82.08,140.74,1214079.0,260003.0,1002.4,78.0,19.0,59.61,1045.01,449.52,0.479,37.72,26.48,98923.0,0.26,0.0,835.0,4.99,0.32,1.66,0.1,2468399.0,1355814.0,167003.0
R01-D03-S01,Southwater,2021_11,213.25,0.7606,129.1,2.968,72.88,121.4,1178004.0,248635.0,1017.1,6.0,3.0,2.71,100.9,27.99,0.45,46.98,28.04,97670.0,0.26,0.0,2278.0,0.99,0.21,1.86,0.59,1743241.0,147009.0,867556.0
R01-D03-S02,Southwater,2021_11,1223.73,2.2571,197.56,2.839,36.71,59.18,243341.0,53305.0,970.7,70.0,5.0,22.78,437.96,501.53,0.3,43.91,31.29,26277.0,0.05,0.0,1236.0,18.52,0.98,2.09,0.3,0.0,286468.0,516618.0
R01-D03-S03,Southwater,2021_11,1577.0,0.2951,57.01,2.457,73.65,125.99,984794.0,208660.0,945.6,94.0,14.0,38.18,816.07,271.04,0.532,40.48,28.53,94978.0,0.07,0.0,267.0,0.82,0.02,0.1,0.16,2857651.0,28823.0,43962.0
R01-D03-S04,Southwater,2021_11,986.09,0.0,0.0,3.487,64.88,142.91,352319.0,83939.0,935.1,43.0,14.0,0.35,509.85,470.46,0.343,43.83,27.12,28479.0,0.05,0.0,183.0,1.66,0.23,0.18,0.15,1520354.0,330792.0,545590.0
R01-D04-S01,Westmoor,2021_11,728.47,1.4937,293.23,3.244,55.88,119.14,986430.0,224057.0,999.6,33.0,14.0,21.27,479.34,303.36,0.467,44.64,26.51,75444.0,0.1,1.0,631.0,10.74,0.01,0.35,0.6,812496.0,957226.0,219021.0
R01-D04-S02,Westmoor,2021_11,1665.24,0.0,0.0,0.815,73.09,173.43,278289.0,69571.0,1008.4,64.0,24.0,12.37,533.74,626.58,0.3,42.21,31.82,31597.0,0.13,1.0,748.0,9.01,0.57,1.5,1.62,1156560.0,0.0,0.0
R01-D04-S03,Westmoor,2021_11,490.29,0.0,0.0,2.937,75.09,117.66,766747.0,155245.0,966.9,16.0,5.0,6.15,347.47,118.39,0.463,22.16,29.95,75518.0,0.25,1.0,2025.0,5.54,0.18,0.88,0.01,2703325.0,828390.0,692475.0
R01-D05-S01,Riverend,2021_11,1334.51,0.9684,122.86,0.913,57.01,94.07,565957.0,124487.0,1044.3,66.0,14.0,5.66,363.9,283.71,0.332,30.15,31.6,64401.0,0.01,1.0,7658.0,28.78,1.8,0.01,0.28,2735303.0,947143.0,802379.0
R01-D05-S02,Riverend,2021_11,1459.47,0.0,0.0,3.226,93.08,144.93,436646.0,94147.0,1007.5,176.0,35.0,12.28,470.68,612.26,0.561,63.16,19.24,38229.0,0.2,0.0,1628.0,20.83,0.52,4.5,0.84,1730989.0,336220.0,731043.0
R01-D05-S03,Riverend,2021_11,690.03,1.9794,317.61,2.095,83.82,132.39,178017.0,35892.0,930.4,66.0,11.0,35.91,545.95,243.87,0.641,55.5,18.62,20495.0,0.01,0.0,572.0,8.31,0.44,1.24,0.82,4370146.0,305685.0,0.0
R01-D06-S01,Lakeshire,2021_11,518.19,0.4739,43.72,3.018,84.15,136.04,1272631.0,281900.0,964.8,47.0,7.0,34.89,703.24,98.18,0.79,70.1,14.42,117571.0,0.65,2.0,1504.0,2.32,1.1,2.99,0.78,2275415.0,538597.0,743185.0
R01-D06-S02,Lakeshire,2021_11,1251.38,0.8027,125.15,1.955,68.26,134.02,1008323.0,233453.0,906.2,99.0,18.0,50.32,912.11,485.7,0.549,46.28,23.99,97356.0,0.43,1.0,8162.0,10.0,0.46,2.01,0.34,2361977.0,864276.0,625150.0
R01-D06-S03,Lakeshire,2021_11,793.75,1.3458,217.87,2.557,105.0,272.1,254597.0,52547.0,925.6,26.0,9.0,8.47,262.94,176.42,0.473,65.51,23.93,28206.0,0.68,1.0,1714.0,4.86,1.39,4.68,0.88,2585949.0,880670.0,1203581.0
R01-D01-S01,Northmere,2021_12,989.98,0.0348,4.15,0.83,15.93,38.37,1307320.0,292431.0,1046.3,139.0,18.0,47.71,1310.62,416.45,0.822,70.71,11.76,143186.0,0.16,3.0,4088.0,12.55,0.01,4.91,0.74,0.0,1206613.0,652341.0
R01-D01-S02,Northmere,2021_12,1614.92,0.0,0.0,1.798,72.77,110.59,224311.0,45741.0,1039.0,230.0,47.0,82.09,2079.75,448.23,0.829,72.11,15.25,24534.0,0.37,0.0,1239.0,9.83,0.26,1.66,0.72,3887115.0,807873.0,0.0
R01-D01-S03,Northmere,2021_12,1680.97,2.0004,328.63,2.441,79.24,183.9,678889.0,138648.0,909.6,216.0,19.0,47.7,596.41,612.92,0.693,81.23,11.35,74555.0,0.48,1.0,1519.0,25.0,0.64,5.46,0.43,1920385.0,1019320.0,68017.0
R01-D01-S04,Northmere,2021_12,1337.0,0.8646,142.31,3.897,37.03,53.38,1164037.0,289651.0,1034.0,73.0,48.0,44.86,1044.73,530.13,0.786,73.06,9.56,101105.0,0.5,2.0,5392.0,10.7,1.8,2.69,1.62,2240475.0,1182084.0,837869.0
R01-D02-S01,Eastfen,2021_12,1040.1,2.281,455.81,2.891,61.5,98.16,104189.0,23888.0,1011.7,59.0,6.0,20.37,280.92,138.24,0.336,25.94,25.92,9407.0,0.32,0.0,299.0,3.1,0.91,5.2,0.37,2070512.0,831656.0,388471.0
R01-D02-S02,Eastfen,2021_12,786.49,0.3528,65.16,1.163,70.79,156.41,586789.0,123474.0,919.5,50.0,3.0,6.43,309.14,79.29,0.423,45.71,24.72,65219.0,0.16,1.0,1573.0,0.82,0.17,2.9,1.01,917968.0,1274034.0,997997.0
R01-D02-S03,Eastfen,2021_12,608.44,0.0,0.0,3.414,50.74,126.09,1012741.0,230712.0,1005.0,34.0,9.0,12.85,379.39,172.75,0.343,33.09,23.14,97980.0,0.51,0.0,3826.0,4.77,0.24,2.9,0.36,0.0,1999867.0,1152818.0
R01-D02-S04,Eastfen,2021_12,1698.07,0.0,0.0,1.509,66.32,171.89,1219967.0,293918.0,1002.4,76.0,16.0,9.5,1114.72,674.16,0.39,40.69,27.71,100806.0,0.01,0.0,3473.0,8.57,0.2,1.74,0.04,3445237.0,997793.0,808882.0
R01-D03-S01,Southwater,2021_12,213.25,0.8236,145.17,2.968,105.02,154.02,1175516.0,257288.0,1017.1,17.0,2.0,0.08,102.77,27.77,0.478,56.53,27.27,151526.0,0.64,2.0,6207.0,0.78,0.6,1.13,0.34,1978978.0,1095515.0,166979.0
R01-D03-S02,Southwater,2021_12,1223.73,0.5654,55.8,2.839,40.63,76.7,242602.0,53198.0,970.7,38.0,17.0,24.09,380.77,170.17,0.323,44.21,30.92,30093.0,0.12,0.0,530.0,3.74,0.25,0.96,0.17,1618167.0,561780.0,113983.0
R01-D03-S03,Southwater,2021_12,1577.0,1.0773,94.82,2.457,60.09,155.08,956974.0,209538.0,945.6,56.0,24.0,26.73,928.72,635.19,0.44,32.43,29.82,84510.0,0.08,0.0,204.0,4.99,0.09,0.78,0.22,470630.0,46618.0,817034.0
R01-D03-S04,Southwater,2021_12,986.09,3.7213,509.59,3.487,78.07,190.99,348513.0,77848.0,935.1,62.0,4.0,33.82,311.63,106.98,0.378,49.01,24.71,42579.0,0.05,0.0,362.0,1.53,0.31,1.08,0.08,1186740.0,830709.0,421738.0
R01-D04-S01,Westmoor,2021_12,728.47,0.0,0.0,3.244,48.18,92.69,996765.0,220566.0,999.6,46.0,12.0,15.71,604.09,271.12,0.532,44.06,24.4,91698.0,0.27,1.0,7233.0,12.6,0.81,0.93,0.34,1638774.0,917600.0,324280.0
R01-D04-S02,Westmoor,2021_12,1665.24,0.0671,6.26,0.815,51.53,88.04,288416.0,61603.0,1008.4,46.0,6.0,45.3,941.95,264.64,0.3,45.97,31.09,26467.0,0.1,0.0,993.0,7.4,0.33,3.11,0.86,0.0,790585.0,1005036.0
R01-D04-S03,Westmoor,2021_12,490.29,1.0337,177.18,2.937,82.06,125.94,769482.0,159214.0,966.9,33.0,5.0,2.3,258.24,218.16,0.464,28.46,26.93,74498.0,0.31,2.0,2335.0,1.44,0.16,4.28,0.45,202954.0,1086213.0,356273.0
R01-D05-S01,Riverend,2021_12,1334.51,4.0713,791.94,0.913,73.33,123.41,578293.0,115826.0,1044.3,42.0,10.0,28.41,666.66,322.03,0.443,25.88,28.28,56560.0,1.38,2.0,4674.0,21.73,0.69,5.15,0.66,2668900.0,34823.0,0.0
R01-D05-S02,Riverend,2021_12,1459.47,0.3671,63.64,3.226,74.21,152.83,423296.0,95017.0,1007.5,88.0,16.0,60.95,467.61,295.55,0.576,53.84,16.63,32466.0,0.26,0.0,3544.0,1.82,0.46,0.64,0.49,0.0,253696.0,0.0
R01-D05-S03,Riverend,2021_12,690.03,0.7414,121.18,2.095,67.56,98.14,184219.0,43054.0,930.4,59.0,8.0,36.67,284.4,117.5,0.639,57.89,22.56,21912.0,0.05,0.0,748.0,0.7,0.29,2.0,0.34,3451340.0,76159.0,56440.0
R01-D06-S01,Lakeshire,2021_12,518.19,0.0048,0.78,3.018,42.92,101.3,1290653.0,300162.0,964.8,21.0,16.0,17.99,373.37,217.48,0.641,86.13,13.27,137149.0,0.26,3.0,3858.0,3.67,0.42,3.56,0.93,3289683.0,1756137.0,803022.0
R01-D06-S02,Lakeshire,2021_12,1251.38,1.7814,184.49,1.955,40.5,80.75,983293.0,244511.0,906.2,107.0,15.0,59.56,1056.79,202.17,0.597,56.05,21.49,107511.0,0.1,1.0,5838.0,3.0,0.93,3.32,0.04,690388.0,1018323.0,574134.0
R01-D06-S03,Lakeshire,2021_12,793.75,2.1635,193.17,2.557,99.55,149.64,250636.0,59830.0,925.6,45.0,20.0,32.69,551.7,319.88,0.526,42.88,21.09,20520.0,0.8,0.0,1309.0,24.43,1.32,6.77,1.03,4204552.0,548242.0,985960.0
R01-D01-S01,Northmere,2022_01,989.98,0.7186,63.96,0.83,136.86,225.34,1268121.0,263922.0,1046.3,67.0,27.0,15.67,689.63,438.21,0.772,94.85,11.63,153372.0,0.22,5.0,11822.0,13.42,0.2,3.97,0.97,0.0,713597.0,313591.0
R01-D01-S02,Northmere,2022_01,1614.92,0.213,30.36,1.798,66.48,170.66,225717.0,51110.0,1039.0,94.0,30.0,120.64,1609.81,710.69,0.839,74.35,12.74,22525.0,0.95,0.0,1423.0,31.43,0.14,2.92,0.15,3668803.0,1141506.0,1423136.0
R01-D01-S03,Northmere,2022_01,1680.97,1.3495,252.14,2.441,57.66,138.55,675192.0,166353.0,909.6,159.0,32.0,91.42,626.41,356.58,0.676,71.42,16.6,54014.0,0.24,3.0,2282.0,25.12,1.07,1.02,0.5,0.0,1012243.0,509448.0
R01-D01-S04,Northmere,2022_01,1337.0,0.5479,69.47,3.897,80.17,155.87,1167531.0,242235.0,1034.0,108.0,25.0,90.93,1623.05,232.83,0.787,77.86,14.84,116463.0,1.28,4.0,5654.0,10.84,0.01,3.67,0.89,1355869.0,1297331.0,444125.0
R01-D02-S01,Eastfen,2022_01,1040.1,1.26,176.77,2.891,54.08,95.12,103265.0,20900.0,1011.7,63.0,12.0,14.28,288.57,381.12,0.3,37.26,32.24,12944.0,0.23,0.0,719.0,41.12,0.68,1.01,0.26,1589997.0,1054368.0,482801.0
R01-D02-S02,Eastfen,2022_01,786.49,0.8481,117.97,1.163,100.71,187.58,586609.0,125780.0,919.5,23.0,11.0,26.0,399.07,363.49,0.495,36.65,24.68,51848.0,0.07,0.0,7816.0,8.0,0.76,2.95,0.32,1013691.0,0.0,160062.0
R01-D02-S03,Eastfen,2022_01,608.44,0.4919,60.84,3.414,134.18,272.78,1025670.0,206455.0,1005.0,18.0,10.0,20.22,417.29,142.24,0.482,31.0,24.06,95767.0,0.35,2.0,321.0,1.84,0.15,1.92,0.8,3360197.0,670147.0,0.0
R01-D02-S04,Eastfen,2022_01,1698.07,2.4828,266.7,1.509,26.5,45.56,1227024.0,273727.0,1002.4,98.0,22.0,4.6,394.7,724.32,0.315,42.87,28.85,93846.0,0.09,0.0,1075.0,5.05,0.25,2.19,0.06,1187116.0,1388068.0,0.0
R01-D03-S01,Southwater,2022_01,213.25,0.0,0.0,2.968,137.71,322.22,1204065.0,266770.0,1017.1,8.0,4.0,7.12,54.85,91.08,0.547,32.91,23.36,101658.0,0.48,3.0,4184.0,5.24,0.75,3.18,0.25,90324.0,1074915.0,1105782.0
R01-D03-S02,Southwater,2022_01,1223.73,0.0,0.0,2.839,68.9,171.2,248825.0,56034.0,970.7,57.0,13.0,16.49,444.24,356.74,0.312,36.4,26.53,32203.0,0.55,0.0,521.0,2.46,0.36,2.38,0.53,3189665.0,1872039.0,743198.0
R01-D03-S03,Southwater,2022_01,1577.0,0.0,0.0,2.457,88.99,192.3,957300.0,200902.0,945.6,97.0,30.0,34.82,1135.41,308.79,0.351,54.85,22.09,83396.0,0.02,0.0,691.0,0.01,0.13,0.81,0.1,2582989.0,423922.0,1170067.0
R01-D03-S04,Southwater,2022_01,986.09,1.7571,163.24,3.487,120.83,174.23,351105.0,75660.0,935.1,57.0,16.0,30.01,548.76,270.6,0.319,31.48,28.79,30026.0,0.01,0.0,651.0,1.73,0.13,0.28,0.14,2185715.0,73322.0,434349.0
R01-D04-S01,Westmoor,2022_01,728.47,0.0,0.0,3.244,79.93,140.21,997695.0,232825.0,999.6,20.0,9.0,29.16,400.81,302.78,0.475,35.9,25.21,71705.0,0.27,2.0,3965.0,16.76,0.46,2.46,0.22,1789466.0,612717.0,489435.0
R01-D04-S02,Westmoor,2022_01,1665.24,0.0,0.0,0.815,113.88,167.95,288223.0,68473.0,1008.4,63.0,9.0,31.05,915.33,362.11,0.323,39.81,30.37,26050.0,0.25,0.0,1371.0,12.34,0.37,1.49,0.14,2652053.0,864594.0,541857.0
R01-D04-S03,Westmoor,2022_01,490.29,0.5201,53.69,2.937,82.5,207.57,781527.0,171973.0,966.9,29.0,2.0,9.28,148.47,148.95,0.449,37.26,25.87,77433.0,0.07,0.0,2482.0,4.06,0.45,2.65,0.17,2343733.0,0.0,211794.0
R01-D05-S01,Riverend,2022_01,1334.51,1.7537,348.69,0.913,61.91,110.04,565291.0,122272.0,1044.3,35.0,17.0,42.92,565.48,636.95,0.38,25.49,29.98,56092.0,0.51,1.0,999.0,22.85,0.65,2.9,0.58,1837807.0,768011.0,303633.0
R01-D05-S02,Riverend,2022_01,1459.47,0.1962,22.75,3.226,57.3,118.86,419897.0,98052.0,1007.5,166.0,20.0,17.14,1192.54,488.83,0.637,49.2,13.21,51263.0,0.02,1.0,1230.0,12.31,0.09,1.93,0.82,2735238.0,1227283.0,144544.0
R01-D05-S03,Riverend,2022_01,690.03,0.0,0.0,2.095,96.73,212.38,177512.0,42225.0,930.4,37.0,11.0,10.07,492.89,279.02,0.566,67.05,18.58,12717.0,0.71,0.0,254.0,4.93,0.23,1.24,0.64,93111.0,88642.0,0.0
R01-D06-S01,Lakeshire,2022_01,518.19,0.0,0.0,3.018,76.04,111.62,1272970.0,294046.0,964.8,66.0,11.0,19.09,418.84,117.86,0.628,84.45,13.92,124653.0,0.36,2.0,10100.0,0.92,0.32,5.9,0.01,133577.0,690622.0,869575.0
R01-D06-S02,Lakeshire,2022_01,1251.38,0.4848,84.16,1.955,83.39,138.87,972916.0,218350.0,906.2,97.0,15.0,15.45,1010.48,578.89,0.483,46.01,24.37,76204.0,0.33,1.0,3478.0,19.29,0.13,1.7,0.11,2126934.0,1417708.0,407883.0
R01-D06-S03,Lakeshire,2022_01,793.75,1.429,259.36,2.557,42.71,103.13,247937.0,50639.0,925.6,21.0,16.0,28.27,530.95,391.35,0.443,43.0,16.53,18577.0,0.88,0.0,563.0,15.67,0.48,4.54,1.34,1896137.0,467910.0,579514.0
R01-D01-S01,Northmere,2022_02,989.98,0.0,0.0,0.83,116.58,283.59,1303981.0,281555.0,1046.3,94.0,34.0,52.16,1390.01,175.5,0.783,78.96,12.61,145526.0,0.35,1.0,11270.0,19.85,0.96,0.52,1.07,2701320.0,1343007.0,979174.0
R01-D01-S02,Northmere,2022_02,1614.92,1.5107,176.45,1.798,74.28,126.35,230788.0,46890.0,1039.0,183.0,27.0,44.46,1733.98,225.18,0.764,84.31,12.01,19237.0,0.35,0.0,1749.0,0.87,0.26,3.76,0.14,1639334.0,899603.0,169896.0
R01-D01-S03,Northmere,2022_02,1680.97,1.6752,294.85,2.441,80.65,160.15,676217.0,148815.0,909.6,153.0,36.0,113.42,674.73,447.46,0.77,58.39,10.83,51969.0,0.37,1.0,5462.0,24.88,0.89,6.13,1.21,1585186.0,473485.0,366887.0
R01-D01-S04,Northmere,2022_02,1337.0,1.418,162.56,3.897,88.22,222.09,1127538.0,245550.0,1034.0,90.0,45.0,23.49,1901.91,475.78,0.699,68.98,11.09,84960.0,0.33,3.0,3102.0,2.75,0.61,4.21,0.82,1993016.0,1515083.0,0.0
R01-D02-S01,Eastfen,2022_02,1040.1,0.0,0.0,2.891,60.03,155.46,102985.0,21996.0,1011.7,35.0,9.0,18.93,339.04,165.4,0.357,18.14,31.35,9479.0,0.11,0.0,447.0,10.78,0.68,1.55,0.84,2868633.0,700016.0,1121656.0
R01-D02-S02,Eastfen,2022_02,786.49,1.8866,288.3,1.163,66.19,171.11,571478.0,123365.0,919.5,41.0,8.0,24.95,168.95,350.94,0.504,31.41,24.49,62755.0,0.14,0.0,1953.0,1.78,0.18,1.76,0.36,2719394.0,630760.0,873372.0
R01-D02-S03,Eastfen,2022_02,608.44,0.3179,45.86,3.414,67.31,160.29,1027054.0,220102.0,1005.0,17.0,12.0,18.73,313.12,76.55,0.488,32.3,22.5,75279.0,0.1,2.0,0.0,0.99,0.06,2.43,0.13,1996173.0,0.0,644466.0
R01-D02-S04,Eastfen,2022_02,1698.07,0.0,0.0,1.509,83.32,191.76,1224883.0,264271.0,1002.4,120.0,10.0,24.56,871.8,734.17,0.35,47.43,31.35,148320.0,0.22,0.0,484.0,10.27,0.19,1.46,0.51,1188068.0,1039968.0,378870.0
R01-D03-S01,Southwater,2022_02,213.25,1.2778,128.55,2.968,73.14,181.58,1182326.0,245550.0,1017.1,11.0,5.0,6.01,160.44,40.05,0.491,48.62,27.22,102543.0,0.15,1.0,2923.0,0.69,0.17,5.64,0.22,1283201.0,626526.0,1058917.0
R01-D03-S02,Southwater,2022_02,1223.73,0.0,0.0,2.839,91.28,157.67,242701.0,48902.0,970.7,71.0,6.0,25.13,386.08,330.35,0.3,25.58,27.01,22201.0,0.01,1.0,1065.0,13.08,0.46,1.49,0.47,5051129.0,1169719.0,316644.0
R01-D03-S03,Southwater,2022_02,1577.0,0.0,0.0,2.457,49.34,125.52,964311.0,219574.0,945.6,124.0,33.0,32.84,859.19,353.69,0.456,38.17,29.63,97404.0,0.13,0.0,460.0,2.05,0.08,0.74,0.01,2002076.0,1153772.0,286581.0
R01-D03-S04,Southwater,2022_02,986.09,0.421,53.49,3.487,54.04,104.18,359104.0,82770.0,935.1,41.0,10.0,19.49,733.85,174.8,0.42,34.48,24.49,37517.0,0.13,0.0,234.0,1.2,0.06,0.28,0.24,1188928.0,185674.0,0.0
R01-D04-S01,Westmoor,2022_02,728.47,0.5,87.91,3.244,78.06,191.17,1010794.0,223693.0,999.6,45.0,13.0,13.48,416.33,278.69,0.538,34.0,25.94,90364.0,0.43,2.0,5797.0,3.45,0.23,3.13,0.37,51757.0,995915.0,0.0
R01-D04-S02,Westmoor,2022_02,1665.24,0.0347,4.57,0.815,34.68,88.91,281250.0,62388.0,1008.4,28.0,13.0,36.5,505.6,258.54,0.319,43.35,33.96,34817.0,0.36,1.0,738.0,8.97,0.47,5.14,0.49,1340586.0,1353974.0,166507.0
R01-D04-S03,Westmoor,2022_02,490.29,0.0,0.0,2.937,81.81,204.61,765683.0,164293.0,966.9,31.0,4.0,14.31,98.81,151.15,0.307,46.28,33.14,79755.0,0.2,0.0,197.0,3.0,0.14,1.39,0.43,185245.0,382636.0,0.0
R01-D05-S01,Riverend,2022_02,1334.51,2.03,398.49,0.913,30.96,66.23,570461.0,126251.0,1044.3,51.0,15.0,6.06,565.84,322.34,0.305,29.84,27.23,42189.0,0.7,1.0,3693.0,2.66,0.19,7.9,0.28,4174864.0,841009.0,1055713.0
R01-D05-S02,Riverend,2022_02,1459.47,0.0,0.0,3.226,35.14,65.7,432436.0,94106.0,1007.5,142.0,22.0,60.86,1094.05,395.62,0.61,50.97,16.23,41084.0,0.85,1.0,923.0,11.99,0.41,1.95,0.23,4608227.0,144419.0,334478.0
R01-D05-S03,Riverend,2022_02,690.03,0.0774,11.94,2.095,93.14,167.59,180621.0,39533.0,930.4,73.0,14.0,7.28,812.08,341.25,0.693,60.07,21.39,18366.0,0.28,0.0,890.0,11.59,0.02,2.2,0.08,1626661.0,669218.0,964550.0
R01-D06-S01,Lakeshire,2022_02,518.19,1.6471,138.46,3.018,57.65,123.44,1299686.0,286711.0,964.8,63.0,16.0,26.51,285.75,100.02,0.693,83.12,10.36,168506.0,0.45,1.0,22494.0,1.87,0.53,1.8,0.82,2357280.0,727325.0,0.0
R01-D06-S02,Lakeshire,2022_02,1251.38,0.0,0.0,1.955,58.37,138.19,988425.0,225843.0,906.2,100.0,30.0,11.74,938.88,192.78,0.488,62.12,20.79,76360.0,0.55,1.0,6118.0,6.82,0.91,4.0,1.13,0.0,535177.0,588466.0
R01-D06-S03,Lakeshire,2022_02,793.75,2.0042,172.33,2.557,85.19,172.14,252513.0,56243.0,925.6,77.0,11.0,33.56,229.43,301.85,0.602,50.54,21.41,29591.0,1.29,1.0,965.0,8.53,0.92,2.62,1.11,609806.0,1185553.0,478386.0
R01-D01-S01,Northmere,2022_03,989.98,1.5901,226.28,0.83,87.93,154.27,1310094.0,316736.0,1046.3,52.0,38.0,17.04,1017.27,489.93,0.902,77.97,6.95,149367.0,0.8,2.0,1520.0,24.0,0.11,5.96,0.97,4007914.0,232030.0,374415.0
R01-D01-S02,Northmere,2022_03,1614.92,1.4123,182.98,1.798,0.0,0.0,225898.0,45376.0,1039.0,168.0,36.0,54.62,1675.92,168.88,0.848,73.71,9.35,17979.0,0.36,0.0,2836.0,1.42,0.15,2.91,0.89,3360804.0,296514.0,1124890.0
R01-D01-S03,Northmere,2022_03,1680.97,0.0,0.0,2.441,132.11,280.13,700255.0,159755.0,909.6,91.0,20.0,15.34,692.47,351.49,0.733,79.67,13.96,83412.0,0.23,1.0,3931.0,11.05,0.25,3.96,1.06,3686921.0,0.0,0.0
R01-D01-S04,Northmere,2022_03,1337.0,0.0,0.0,3.897,45.83,115.21,1137135.0,242579.0,1034.0,126.0,41.0,22.67,1377.31,485.61,0.759,79.83,8.99,90531.0,0.37,0.0,24007.0,10.27,0.32,1.86,0.14,3357453.0,1253385.0,1190844.0
R01-D02-S01,Eastfen,2022_03,1040.1,1.068,173.26,2.891,75.16,114.46,105891.0,22536.0,1011.7,49.0,14.0,22.47,336.06,412.51,0.363,23.62,34.8,12394.0,0.01,0.0,995.0,26.35,1.34,1.12,0.49,2539466.0,934982.0,536384.0
R01-D02-S02,Eastfen,2022_03,786.49,0.0,0.0,1.163,92.97,224.95,583761.0,124710.0,919.5,52.0,9.0,11.36,452.87,120.45,0.353,51.61,24.29,46736.0,0.08,1.0,1306.0,1.42,0.06,0.66,0.13,145124.0,1505373.0,167667.0
R01-D02-S03,Eastfen,2022_03,608.44,0.7402,72.8,3.414,66.63,146.22,1030466.0,225297.0,1005.0,17.0,8.0,20.83,138.42,260.28,0.446,40.54,28.73,133708.0,0.12,0.0,2299.0,1.26,0.37,1.49,0.73,3862882.0,407369.0,664065.0
R01-D02-S04,Eastfen,2022_03,1698.07,1.4506,219.43,1.509,62.87,152.79,1200052.0,280871.0,1002.4,40.0,19.0,36.91,775.06,218.19,0.47,45.4,26.41,122667.0,0.03,0.0,3479.0,4.97,0.11,1.02,0.05,1747634.0,908425.0,0.0
R01-D03-S01,Southwater,2022_03,213.25,0.0,0.0,2.968,89.76,225.36,1180159.0,288933.0,1017.1,14.0,2.0,7.27,162.23,94.62,0.524,34.33,27.36,97517.0,0.18,1.0,3465.0,0.56,0.4,1.68,0.77,836753.0,356269.0,0.0
R01-D03-S02,Southwater,2022_03,1223.73,0.256,33.67,2.839,65.07,121.62,241009.0,56444.0,970.7,63.0,17.0,24.25,231.82,334.13,0.3,17.67,30.02,28920.0,0.16,0.0,790.0,11.34,0.34,1.91,0.29,940770.0,905149.0,1140730.0
R01-D03-S03,Southwater,2022_03,1577.0,1.1261,183.63,2.457,35.27,73.05,967513.0,198700.0,945.6,108.0,20.0,8.25,1339.03,583.0,0.514,57.9,29.46,77146.0,0.17,0.0,1155.0,3.95,0.25,0.72,0.1,326669.0,855326.0,0.0
R01-D03-S04,Southwater,2022_03,986.09,0.0428,7.72,3.487,61.11,124.69,353522.0,76133.0,935.1,71.0,4.0,19.48,595.12,392.65,0.414,36.99,31.3,43049.0,0.11,0.0,495.0,1.09,0.15,0.24,0.12,1800488.0,3271.0,222898.0
R01-D04-S01,Westmoor,2022_03,728.47,0.0,0.0,3.244,107.58,206.21,988043.0,240160.0,999.6,20.0,17.0,33.67,493.61,151.52,0.4,55.23,22.05,91266.0,0.35,0.0,1591.0,5.34,0.1,1.15,0.56,2907986.0,0.0,195096.0
R01-D04-S02,Westmoor,2022_03,1665.24,1.0097,130.15,0.815,67.18,116.92,282446.0,60950.0,1008.4,76.0,26.0,44.68,725.18,549.07,0.355,45.17,31.79,22040.0,0.23,0.0,1484.0,32.93,0.2,5.4,0.28,1183972.0,985713.0,644952.0
R01-D04-S03,Westmoor,2022_03,490.29,0.0,0.0,2.937,54.17,108.84,785006.0,186214.0,966.9,18.0,7.0,12.13,226.19,65.17,0.46,37.05,23.63,91003.0,0.1,2.0,892.0,0.13,0.05,1.23,0.6,4830314.0,1492363.0,5714.0
R01-D05-S01,Riverend,2022_03,1334.51,0.0,0.0,0.913,43.53,67.19,577805.0,142352.0,1044.3,56.0,19.0,24.99,870.47,135.33,0.337,46.44,27.23,71075.0,0.92,1.0,3254.0,3.38,0.49,5.1,1.24,2462032.0,1088274.0,780452.0
R01-D05-S02,Riverend,2022_03,1459.47,0.8951,93.71,3.226,72.06,163.04,427109.0,99696.0,1007.5,127.0,27.0,88.73,1277.24,597.88,0.588,48.02,21.15,50916.0,0.72,0.0,1024.0,8.55,0.31,1.65,0.18,0.0,0.0,518372.0
R01-D05-S03,Riverend,2022_03,690.03,0.0,0.0,2.095,23.77,55.2,182790.0,41259.0,930.4,74.0,20.0,40.74,539.57,83.97,0.526,74.88,22.38,17137.0,0.39,0.0,217.0,0.69,0.74,1.66,0.15,0.0,1090048.0,669274.0
R01-D06-S01,Lakeshire,2022_03,518.19,0.0,0.0,3.018,51.25,98.95,1272457.0,298252.0,964.8,48.0,18.0,13.83,213.75,92.8,0.728,59.25,11.07,103455.0,0.87,0.0,5268.0,5.46,0.49,2.89,0.64,1833598.0,400796.0,525595.0
R01-D06-S02,Lakeshire,2022_03,1251.38,2.3411,231.38,1.955,61.5,106.05,993097.0,202929.0,906.2,33.0,27.0,20.13,610.6,598.12,0.496,44.02,20.47,74548.0,0.29,3.0,3812.0,23.76,0.89,2.93,0.42,1474100.0,0.0,95170.0
R01-D06-S03,Lakeshire,2022_03,793.75,1.3654,173.46,2.557,110.24,236.06,251901.0,51580.0,925.6,69.0,12.0,13.44,531.74,114.17,0.558,44.43,18.74,23491.0,0.29,0.0,374.0,2.5,0.62,2.67,0.66,2284521.0,1087551.0,500081.0
R01-D01-S01,Northmere,2022_04,989.98,0.1698,18.3,0.83,66.63,154.04,1268498.0,301461.0,1046.3,137.0,30.0,49.27,547.3,464.67,0.825,77.3,5.58,95692.0,0.6,4.0,2256.0,15.96,0.8,0.55,0.76,1634441.0,796917.0,1198020.0
R01-D01-S02,Northmere,2022_04,1614.92,1.076,167.28,1.798,45.43,84.81,231351.0,48453.0,1039.0,127.0,56.0,46.32,1475.41,307.93,0.743,64.74,15.99,21562.0,0.28,1.0,1306.0,9.9,0.23,7.62,1.71,2503562.0,842317.0,482078.0
R01-D01-S03,Northmere,2022_04,1680.97,0.772,145.09,2.441,80.96,138.98,677823.0,153869.0,909.6,120.0,40.0,3.03,709.4,773.11,0.74,70.44,12.8,86562.0,0.78,1.0,813.0,8.08,1.09,6.07,1.64,1748502.0,1019033.0,994657.0
R01-D01-S04,Northmere,2022_04,1337.0,1.144,119.85,3.897,70.25,144.13,1168933.0,242232.0,1034.0,141.0,14.0,41.97,752.07,515.96,0.722,77.89,14.54,119688.0,0.1,1.0,6794.0,26.79,0.55,1.58,1.58,3010452.0,1173667.0,139838.0
R01-D02-S01,Eastfen,2022_04,1040.1,3.1373,491.86,2.891,106.46,216.68,101883.0,22547.0,1011.7,41.0,5.0,6.76,606.88,306.36,0.327,35.02,31.29,8742.0,0.47,0.0,324.0,8.89,1.4,8.92,0.19,779788.0,609300.0,146787.0
R01-D02-S02,Eastfen,2022_04,786.49,0.0023,0.22,1.163,14.58,20.99,585916.0,120215.0,919.5,41.0,12.0,15.79,188.36,365.88,0.351,52.72,27.57,53866.0,0.44,0.0,4502.0,3.17,0.25,1.39,0.2,1338153.0,734018.0,1287709.0
R01-D02-S03,Eastfen,2022_04,608.44,0.4264,44.36,3.414,93.42,230.4,1025795.0,211115.0,1005.0,40.0,5.0,14.62,468.56,171.68,0.443,26.52,29.69,96893.0,0.01,1.0,1913.0,4.78,0.57,2.56,0.17,1390130.0,551700.0,320889.0
R01-D02-S04,Eastfen,2022_04,1698.07,1.205,213.22,1.509,77.42,123.59,1207300.0,284027.0,1002.4,39.0,16.0,22.04,761.97,788.15,0.41,39.16,28.55,141990.0,0.12,1.0,2347.0,11.22,0.2,1.38,0.41,0.0,493616.0,0.0
R01-D03-S01,Southwater,2022_04,213.25,0.0,0.0,2.968,57.1,80.78,1166026.0,250752.0,1017.1,6.0,4.0,7.34,160.67,50.87,0.559,58.97,27.49,130833.0,0.33,1.0,1855.0,1.37,0.53,2.19,0.92,0.0,362659.0,595024.0
R01-D03-S02,Southwater,2022_04,1223.73,0.0,0.0,2.839,75.53,182.57,246823.0,59441.0,970.7,70.0,14.0,5.79,600.02,167.96,0.3,18.83,30.43,18875.0,0.53,0.0,626.0,2.27,0.73,8.25,0.01,3730743.0,1115513.0,231710.0
R01-D03-S03,Southwater,2022_04,1577.0,0.9946,87.09,2.457,64.5,98.1,954535.0,200840.0,945.6,43.0,7.0,17.06,1115.66,298.7,0.452,49.57,30.11,101145.0,0.04,0.0,1907.0,1.32,0.03,0.54,0.04,942167.0,1170939.0,0.0
R01-D03-S04,Southwater,2022_04,986.09,1.3508,157.18,3.487,61.73,136.59,352492.0,86340.0,935.1,60.0,4.0,37.59,494.8,427.38,0.478,37.2,24.61,44095.0,0.02,0.0,377.0,1.07,0.25,1.57,0.14,1613220.0,0.0,464556.0
R01-D04-S01,Westmoor,2022_04,728.47,0.0,0.0,3.244,75.3,177.66,1025823.0,231433.0,999.6,36.0,6.0,29.48,518.64,292.77,0.515,42.45,21.23,96723.0,0.07,1.0,5446.0,4.52,0.11,0.2,1.06,4147172.0,0.0,360192.0
R01-D04-S02,Westmoor,2022_04,1665.24,0.9141,146.19,0.815,72.49,163.29,288504.0,69944.0,1008.4,98.0,6.0,40.99,506.45,484.24,0.3,45.6,31.8,27255.0,0.12,1.0,2048.0,8.68,0.2,1.38,0.38,467816.0,230792.0,445565.0
R01-D04-S03,Westmoor,2022_04,490.29,0.0,0.0,2.937,51.11,74.53,781571.0,180541.0,966.9,27.0,7.0,16.98,106.07,77.98,0.37,24.22,29.23,78868.0,0.39,1.0,2827.0,0.33,0.7,1.37,0.2,2979286.0,119175.0,80012.0
R01-D05-S01,Riverend,2022_04,1334.51,2.0939,194.54,0.913,88.56,197.8,577866.0,139331.0,1044.3,37.0,12.0,20.04,586.72,513.8,0.37,39.03,32.03,49511.0,0.87,0.0,8426.0,7.34,0.46,0.01,0.3,1664612.0,1202000.0,4862.0
R01-D05-S02,Riverend,2022_04,1459.47,0.0,0.0,3.226,103.29,258.64,424105.0,99444.0,1007.5,85.0,24.0,82.56,1155.94,471.84,0.609,75.75,17.46,38103.0,0.43,1.0,1908.0,20.78,0.21,2.0,0.44,0.0,453036.0,0.0
R01-D05-S03,Riverend,2022_04,690.03,0.5133,42.94,2.095,75.66,129.42,181391.0,41156.0,930.4,22.0,13.0,28.87,398.96,228.19,0.541,66.21,22.92,13317.0,0.47,0.0,326.0,3.45,0.19,1.67,0.76,818830.0,1620173.0,36040.0
R01-D06-S01,Lakeshire,2022_04,518.19,2.0639,271.33,3.018,91.07,236.62,1275216.0,271601.0,964.8,58.0,5.0,33.02,233.65,148.02,0.644,79.23,16.15,139463.0,0.35,2.0,7027.0,3.08,0.1,4.28,0.19,2598081.0,998549.0,1109340.0
R01-D06-S02,Lakeshire,2022_04,1251.38,2.6883,237.51,1.955,58.45,141.42,972102.0,229734.0,906.2,119.0,7.0,44.61,1214.59,587.45,0.496,49.41,25.62,85441.0,0.21,2.0,1137.0,8.39,0.59,3.84,0.01,1363555.0,1121107.0,723294.0
R01-D06-S03,Lakeshire,2022_04,793.75,0.0,0.0,2.557,29.5,54.99,247891.0,58200.0,925.6,74.0,11.0,22.77,437.46,321.89,0.539,49.75,19.52,20268.0,0.25,0.0,754.0,13.76,1.44,0.01,0.4,4392211.0,1976534.0,283544.0
R01-D01-S01,Northmere,2022_05,989.98,2.9104,305.43,0.83,61.64,113.9,1276547.0,318278.0,1046.3,76.0,33.0,13.6,1282.68,102.82,0.783,80.37,3.82,160227.0,1.02,1.0,9051.0,7.87,0.46,0.01,0.61,3691427.0,1993986.0,1362689.0
R01-D01-S02,Northmere,2022_05,1614.92,1.3002,173.59,1.798,70.22,150.31,227521.0,51669.0,1039.0,175.0,56.0,16.64,1073.03,198.84,0.803,84.07,12.04,18972.0,0.15,0.0,493.0,14.01,0.22,3.46,1.77,683454.0,1108775.0,288510.0
R01-D01-S03,Northmere,2022_05,1680.97,1.6543,179.28,2.441,55.41,101.21,695629.0,146132.0,909.6,157.0,21.0,34.58,1214.35,833.27,0.709,71.35,17.61,76253.0,0.18,1.0,5506.0,17.01,0.4,2.86,0.55,3433022.0,0.0,834585.0
R01-D01-S04,Northmere,2022_05,1337.0,0.2381,44.34,3.897,86.44,193.9,1145610.0,276746.0,1034.0,78.0,39.0,93.62,649.4,440.18,0.685,67.33,15.71,98018.0,0.54,4.0,5904.0,6.62,1.79,4.11,1.2,2764075.0,782984.0,364240.0
R01-D02-S01,Eastfen,2022_05,1040.1,0.4639,71.75,2.891,51.17,125.55,103917.0,22269.0,1011.7,52.0,12.0,16.31,518.51,428.22,0.3,42.43,32.44,8938.0,0.61,0.0,876.0,18.46,1.8,9.44,2.01,3014594.0,1179912.0,656311.0
R01-D02-S02,Eastfen,2022_05,786.49,1.7811,181.94,1.163,43.1,74.68,573929.0,117528.0,919.5,35.0,11.0,4.6,333.33,97.1,0.377,41.69,26.97,73551.0,0.37,0.0,1081.0,3.23,0.5,3.02,0.83,3592046.0,1349368.0,940702.0
R01-D02-S03,Eastfen,2022_05,608.44,0.1999,18.13,3.414,102.0,160.47,1020072.0,235481.0,1005.0,32.0,6.0,18.28,305.29,185.39,0.349,52.13,27.99,74600.0,0.1,1.0,3046.0,0.79,0.21,0.29,0.04,2622760.0,389666.0,941270.0
R01-D02-S04,Eastfen,2022_05,1698.07,0.0,0.0,1.509,77.06,143.64,1205405.0,274033.0,1002.4,103.0,20.0,50.01,381.54,456.55,0.433,49.55,30.22,114498.0,0.15,1.0,271.0,2.6,0.08,1.12,0.35,1498378.0,792758.0,0.0
R01-D03-S01,Southwater,2022_05,213.25,0.0,0.0,2.968,51.67,104.19,1171636.0,264124.0,1017.1,8.0,2.0,6.84,118.34,71.45,0.545,51.54,21.33,140577.0,0.56,3.0,3860.0,0.36,0.24,3.39,0.49,3020029.0,1028297.0,295755.0
R01-D03-S02,Southwater,2022_05,1223.73,0.6434,100.24,2.839,69.1,117.87,248186.0,50383.0,970.7,62.0,10.0,0.92,533.7,125.47,0.3,28.69,31.29,21540.0,0.5,0.0,951.0,0.94,0.42,5.57,0.85,0.0,1646214.0,744236.0
R01-D03-S03,Southwater,2022_05,1577.0,0.0,0.0,2.457,65.4,119.81,982651.0,215639.0,945.6,47.0,20.0,27.15,1267.23,521.09,0.428,44.12,28.33,74910.0,0.03,0.0,472.0,4.04,0.01,0.01,0.1,0.0,262535.0,757376.0
R01-D03-S04,Southwater,2022_05,986.09,1.3382,169.32,3.487,118.06,292.15,359575.0,82657.0,935.1,37.0,7.0,12.21,536.08,155.65,0.3,47.44,26.95,35363.0,0.04,0.0,494.0,0.44,0.02,0.3,0.01,297820.0,47474.0,732843.0
R01-D04-S01,Westmoor,2022_05,728.47,0.0,0.0,3.244,85.26,186.89,1011223.0,208373.0,999.6,36.0,15.0,32.76,203.73,164.58,0.482,42.49,21.12,102579.0,0.9,2.0,1832.0,3.24,0.58,0.11,0.39,2436407.0,317229.0,422468.0
R01-D04-S02,Westmoor,2022_05,1665.24,3.1702,549.43,0.815,119.7,289.66,283081.0,68894.0,1008.4,102.0,21.0,0.1,576.99,826.3,0.389,18.98,34.94,21407.0,0.54,0.0,732.0,16.91,0.65,2.71,0.38,1082816.0,1020174.0,603988.0
R01-D04-S03,Westmoor,2022_05,490.29,1.9822,346.35,2.937,47.77,114.39,767294.0,153601.0,966.9,20.0,2.0,11.11,264.05,210.61,0.455,24.4,30.29,94963.0,0.46,1.0,6494.0,7.06,0.52,0.54,0.06,3210920.0,989425.0,805320.0
R01-D05-S01,Riverend,2022_05,1334.51,1.7254,320.42,0.913,106.42,216.68,563626.0,113944.0,1044.3,74.0,9.0,4.21,677.67,475.53,0.339,46.49,25.64,46294.0,0.65,2.0,3095.0,27.74,0.03,1.57,1.47,258969.0,1259247.0,1303623.0
R01-D05-S02,Riverend,2022_05,1459.47,0.3045,56.11,3.226,63.08,104.71,429881.0,89653.0,1007.5,48.0,39.0,56.23,1168.12,476.55,0.622,54.49,19.54,51761.0,0.27,1.0,1142.0,14.58,0.41,2.62,0.51,573268.0,0.0,970107.0
R01-D05-S03,Riverend,2022_05,690.03,0.0,0.0,2.095,87.54,150.75,183862.0,37328.0,930.4,67.0,18.0,38.95,289.62,324.53,0.539,56.86,21.15,22587.0,0.54,0.0,808.0,6.88,0.27,1.01,0.19,0.0,932958.0,275426.0
R01-D06-S01,Lakeshire,2022_05,518.19,2.393,425.2,3.018,31.71,54.09,1268879.0,276047.0,964.8,65.0,16.0,3.83,595.33,146.26,0.779,64.15,17.3,122249.0,1.3,1.0,4756.0,3.34,0.49,1.03,0.97,2941176.0,924188.0,656536.0
R01-D06-S02,Lakeshire,2022_05,1251.38,1.4264,202.97,1.955,43.73,109.82,987942.0,202090.0,906.2,62.0,19.0,32.74,584.79,612.66,0.446,59.25,21.23,107891.0,0.54,1.0,2169.0,9.01,0.37,4.47,0.85,1118514.0,817209.0,441634.0
R01-D06-S03,Lakeshire,2022_05,793.75,0.0,0.0,2.557,78.44,117.0,250636.0,58963.0,925.6,78.0,9.0,16.43,460.27,245.5,0.55,56.26,19.9,20962.0,0.33,0.0,1319.0,21.12,0.6,11.01,2.25,1812398.0,1564526.0,537162.0
R01-D01-S01,Northmere,2022_06,989.98,3.2043,474.35,0.83,286.59,420.24,1292379.0,294553.0,1046.3,153.0,18.0,69.55,1008.35,137.12,0.738,70.85,8.23,103612.0,2.52,5.0,18365.0,21.77,2.96,0.49,2.73,8363390.0,3400912.0,1956177.0
R01-D01-S02,Northmere,2022_06,1614.92,3.3704,443.22,1.798,275.4,573.02,224993.0,50956.0,1039.0,240.0,35.0,59.07,1910.73,697.89,0.82,66.08,14.84,25245.0,0.82,2.0,15585.0,96.23,4.23,0.01,4.35,9213606.0,1831142.0,2208216.0
R01-D01-S03,Northmere,2022_06,1680.97,6.9343,727.44,2.441,248.01,384.52,682805.0,140819.0,909.6,147.0,53.0,92.36,1180.7,257.84,0.727,65.83,9.57,53127.0,1.35,12.0,0.0,117.96,7.47,31.25,1.85,6722630.0,3597416.0,1772031.0
R01-D01-S04,Northmere,2022_06,1337.0,2.6963,312.07,3.897,210.02,419.35,1140364.0,248422.0,1034.0,143.0,43.0,50.09,1812.5,188.58,0.704,84.48,13.6,91883.0,1.91,0.0,14976.0,75.56,0.58,29.92,1.33,5531272.0,3860277.0,2006984.0
R01-D02-S01,Eastfen,2022_06,1040.1,5.7868,974.82,2.891,228.7,541.01,101944.0,22391.0,1011.7,62.0,11.0,9.64,627.92,175.93,0.3,43.12,27.73,8230.0,3.69,1.0,1674.0,29.43,4.3,49.38,12.89,7687429.0,3336807.0,2904617.0
R01-D02-S02,Eastfen,2022_06,786.49,0.7555,143.09,1.163,260.11,451.77,575534.0,139254.0,919.5,49.0,5.0,27.86,545.21,199.44,0.352,49.0,24.15,63641.0,4.35,6.0,27001.0,15.32,2.26,18.37,1.56,4933685.0,3251210.0,1519446.0
R01-D02-S03,Eastfen,2022_06,608.44,0.0291,3.5,3.414,246.58,619.01,1018309.0,245719.0,1005.0,48.0,3.0,3.12,227.04,195.69,0.34,53.34,29.84,126838.0,1.37,11.0,3947.0,8.04,4.96,29.57,1.01,4431437.0,1736514.0,1357020.0
R01-D02-S04,Eastfen,2022_06,1698.07,2.2269,179.22,1.509,264.01,645.01,1222709.0,255405.0,1002.4,74.0,32.0,47.77,1138.78,310.37,0.445,33.62,26.25,87734.0,1.65,4.0,6183.0,0.01,0.55,1.27,0.43,6005810.0,1692465.0,1229891.0
R01-D03-S01,Southwater,2022_06,213.25,1.3356,243.05,2.968,259.64,572.03,1207028.0,249908.0,1017.1,14.0,1.0,3.75,135.21,101.55,0.464,50.79,22.03,140869.0,0.76,0.0,1771.0,0.01,0.31,19.46,3.32,5634724.0,3273665.0,846534.0
R01-D03-S02,Southwater,2022_06,1223.73,3.185,348.65,2.839,270.73,429.16,241935.0,51469.0,970.7,45.0,15.0,3.8,317.16,533.67,0.316,29.34,27.78,29147.0,3.05,2.0,10881.0,274.76,1.56,12.61,5.44,6154508.0,2750741.0,1748761.0
R01-D03-S03,Southwater,2022_06,1577.0,0.3508,56.39,2.457,254.68,453.38,975373.0,196563.0,945.6,42.0,27.0,13.63,859.59,496.12,0.505,33.64,24.19,70029.0,1.29,1.0,2208.0,13.47,0.71,8.77,1.42,4983191.0,1477547.0,1443311.0
R01-D03-S04,Southwater,2022_06,986.09,0.1261,20.35,3.487,251.98,618.0,347777.0,81867.0,935.1,61.0,15.0,4.7,415.53,199.88,0.302,42.27,22.52,32944.0,0.39,0.0,696.0,3.8,0.16,6.14,1.5,4640511.0,796634.0,278731.0
R01-D04-S01,Westmoor,2022_06,728.47,2.1086,243.97,3.244,256.32,440.43,1022420.0,205858.0,999.6,66.0,13.0,24.04,485.8,332.83,0.446,52.36,24.67,99332.0,1.89,3.0,11159.0,19.51,1.14,13.01,3.17,5443401.0,3937947.0,847602.0
R01-D04-S02,Westmoor,2022_06,1665.24,3.6613,706.34,0.815,283.12,657.81,284779.0,61214.0,1008.4,58.0,8.0,25.71,603.47,335.27,0.369,17.91,34.97,30096.0,2.66,0.0,8909.0,53.61,0.99,17.42,3.29,8657296.0,3513842.0,1115556.0
R01-D04-S03,Westmoor,2022_06,490.29,3.7588,326.93,2.937,264.91,526.91,760521.0,154327.0,966.9,24.0,6.0,6.01,206.26,99.87,0.367,43.43,26.95,59585.0,1.63,8.0,42464.0,2.44,1.52,3.69,5.19,5086596.0,3042645.0,1186651.0
R01-D05-S01,Riverend,2022_06,1334.51,4.2197,477.09,0.913,246.77,639.67,565135.0,116516.0,1044.3,81.0,11.0,26.12,343.05,194.05,0.3,21.5,24.85,53553.0,2.97,4.0,32383.0,115.57,4.99,21.27,9.81,6737716.0,3172193.0,1402588.0
R01-D05-S02,Riverend,2022_06,1459.47,2.6943,346.78,3.226,253.96,540.5,420854.0,98538.0,1007.5,106.0,23.0,71.11,1438.78,170.55,0.579,50.8,17.33,39152.0,1.43,7.0,5677.0,24.74,3.08,15.06,7.5,6375558.0,2499135.0,2687169.0
R01-D05-S03,Riverend,2022_06,690.03,0.0,0.0,2.095,203.03,486.9,179763.0,38103.0,930.4,49.0,7.0,39.83,505.88,231.74,0.612,49.14,19.41,15637.0,3.19,0.0,5458.0,2.2,1.17,27.79,2.37,3407812.0,2857936.0,1044584.0
R01-D06-S01,Lakeshire,2022_06,518.19,4.9206,745.14,3.018,317.88,703.85,1267946.0,266268.0,964.8,55.0,9.0,7.01,384.67,236.66,0.729,67.48,16.46,153374.0,4.01,11.0,31340.0,15.08,1.58,18.22,8.15,6178186.0,2762751.0,2143731.0
R01-D06-S02,Lakeshire,2022_06,1251.38,3.4428,565.63,1.955,257.33,556.96,979740.0,241521.0,906.2,117.0,26.0,55.64,406.53,244.46,0.541,63.53,25.66,103179.0,1.4,17.0,11309.0,29.96,4.97,6.09,2.63,9643933.0,906686.0,1447600.0
R01-D06-S03,Lakeshire,2022_06,793.75,5.7256,1062.93,2.557,259.89,413.2,255231.0,53032.0,925.6,55.0,14.0,9.81,836.41,390.5,0.539,60.18,20.81,30862.0,6.8,5.0,64.0,79.29,2.86,12.4,4.61,7696234.0,2987450.0,2317675.0
R01-D01-S01,Northmere,2022_07,989.98,2.9479,572.8,0.83,279.35,722.34,1304876.0,323019.0,1046.3,86.0,33.0,51.86,968.43,265.87,0.901,76.95,10.53,160844.0,3.7,6.0,41161.0,151.14,4.91,95.02,4.93,9095081.0,3098256.0,1629895.0
R01-D01-S02,Northmere,2022_07,1614.92,3.5142,361.89,1.798,284.5,446.02,224282.0,48913.0,1039.0,228.0,56.0,4.69,1812.35,621.76,0.743,61.27,14.46,25621.0,3.3,4.0,13616.0,81.65,7.25,9.73,1.41,6316720.0,3052944.0,1975921.0
R01-D01-S03,Northmere,2022_07,1680.97,3.2038,421.1,2.441,266.43,400.71,690064.0,154080.0,909.6,229.0,17.0,27.84,1961.6,446.39,0.733,77.24,12.96,51033.0,2.9,3.0,15083.0,69.24,4.11,32.4,1.28,4819429.0,3335560.0,2756066.0
R01-D01-S04,Northmere,2022_07,1337.0,4.8004,394.01,3.897,232.56,383.19,1152625.0,269276.0,1034.0,138.0,46.0,92.95,650.37,394.98,0.725,63.1,11.96,147440.0,6.74,12.0,8104.0,78.84,6.39,22.5,4.74,6174588.0,3612164.0,1741929.0
R01-D02-S01,Eastfen,2022_07,1040.1,5.6888,538.94,2.891,266.66,607.97,102385.0,23488.0,1011.7,61.0,12.0,10.48,626.93,162.4,0.3,38.62,26.98,10842.0,6.66,1.0,4739.0,50.85,3.29,47.37,10.18,8409306.0,3250492.0,2790495.0
R01-D02-S02,Eastfen,2022_07,786.49,3.467,502.59,1.163,269.23,435.84,572889.0,131122.0,919.5,61.0,11.0,6.54,262.24,234.25,0.48,32.6,30.59,55843.0,1.51,15.0,25325.0,30.27,4.77,6.3,3.08,5927604.0,2397379.0,957032.0
R01-D02-S03,Eastfen,2022_07,608.44,2.8475,547.12,3.414,258.81,645.8,1037823.0,215945.0,1005.0,23.0,7.0,3.7,413.16,215.38,0.359,29.66,22.96,102721.0,0.88,2.0,11886.0,2.96,1.2,0.23,1.54,3911659.0,2408148.0,1500717.0
R01-D02-S04,Eastfen,2022_07,1698.07,1.7918,331.25,1.509,267.33,429.34,1228246.0,273431.0,1002.4,36.0,17.0,11.78,705.49,315.02,0.451,49.74,23.69,116826.0,0.64,7.0,9990.0,0.01,0.66,5.08,2.7,3972960.0,789231.0,784458.0
R01-D03-S01,Southwater,2022_07,213.25,2.1006,297.39,2.968,247.39,473.34,1192424.0,294408.0,1017.1,20.0,4.0,7.02,185.47,89.27,0.519,50.66,28.1,85135.0,4.73,8.0,89770.0,18.47,1.29,11.53,4.69,4162070.0,1225153.0,994704.0
R01-D03-S02,Southwater,2022_07,1223.73,3.6311,428.35,2.839,249.55,533.1,245249.0,59355.0,970.7,43.0,19.0,14.19,671.44,276.42,0.3,21.48,32.23,22766.0,2.64,2.0,2352.0,101.95,5.98,1.85,2.99,4361658.0,2279102.0,1645300.0
R01-D03-S03,Southwater,2022_07,1577.0,1.756,266.01,2.457,251.66,604.07,966822.0,208645.0,945.6,98.0,29.0,59.55,1241.88,243.83,0.506,32.52,26.67,95865.0,0.24,1.0,8815.0,20.4,0.18,6.54,1.17,4701541.0,1459613.0,836118.0
R01-D03-S04,Southwater,2022_07,986.09,3.6289,588.89,3.487,226.91,526.35,347990.0,76746.0,935.1,39.0,10.0,26.01,575.61,474.83,0.466,51.24,31.53,29281.0,0.97,1.0,2160.0,49.34,1.32,7.13,0.67,4080511.0,2194692.0,1496856.0
R01-D04-S01,Westmoor,2022_07,728.47,2.6291,290.58,3.244,222.57,556.55,999767.0,221237.0,999.6,52.0,12.0,20.12,499.04,84.98,0.436,43.44,27.93,76670.0,0.8,3.0,20508.0,3.43,2.03,45.57,1.52,5290803.0,2527084.0,1485142.0
R01-D04-S02,Westmoor,2022_07,1665.24,4.4433,879.42,0.815,232.99,560.9,284828.0,68286.0,1008.4,27.0,24.0,22.25,889.61,761.8,0.413,27.07,32.23,30931.0,3.93,3.0,2449.0,43.13,3.58,12.73,2.26,5608063.0,3539871.0,612892.0
R01-D04-S03,Westmoor,2022_07,490.29,1.2515,180.39,2.937,262.07,386.92,769807.0,180134.0,966.9,17.0,4.0,3.2,96.9,114.86,0.318,48.96,30.64,82375.0,2.01,5.0,27986.0,13.32,5.44,17.59,3.9,3866287.0,2992659.0,1832405.0
R01-D05-S01,Riverend,2022_07,1334.51,6.2797,600.81,0.913,276.74,615.12,578198.0,127638.0,1044.3,29.0,15.0,24.49,373.58,205.77,0.328,34.07,24.86,59256.0,1.42,13.0,31205.0,152.93,3.63,12.18,0.01,5666442.0,3735784.0,2438461.0
R01-D05-S02,Riverend,2022_07,1459.47,3.1267,271.65,3.226,230.78,409.12,435204.0,91254.0,1007.5,112.0,25.0,85.37,711.46,544.29,0.619,48.79,19.24,35750.0,3.14,2.0,24402.0,65.97,3.96,22.63,2.16,4204237.0,1933337.0,1182456.0
R01-D05-S03,Riverend,2022_07,690.03,3.9864,587.03,2.095,242.63,429.46,178157.0,36407.0,930.4,32.0,10.0,19.31,364.54,141.36,0.617,62.06,15.43,17022.0,0.81,1.0,7325.0,2.69,0.01,5.34,1.91,6672036.0,1367229.0,764534.0
R01-D06-S01,Lakeshire,2022_07,518.19,3.8354,636.65,3.018,276.55,405.96,1274505.0,255348.0,964.8,30.0,18.0,16.54,681.45,146.88,0.724,86.28,8.09,110611.0,1.54,35.0,31273.0,11.82,9.34,4.12,3.22,7572643.0,2001988.0,2050852.0
R01-D06-S02,Lakeshire,2022_07,1251.38,2.3573,217.62,1.955,231.78,350.96,996993.0,203584.0,906.2,64.0,14.0,35.66,678.74,225.41,0.578,52.2,18.82,124428.0,1.14,13.0,6251.0,15.54,0.27,24.67,1.29,5330565.0,1968825.0,1209445.0
R01-D06-S03,Lakeshire,2022_07,793.75,5.3296,544.69,2.557,249.41,641.53,252911.0,56143.0,925.6,38.0,10.0,17.25,261.79,340.41,0.559,43.17,16.4,22025.0,0.9,1.0,2029.0,86.14,6.86,31.3,1.53,9884752.0,3267051.0,2020509.0
R01-D01-S01,Northmere,2022_08,989.98,8.1735,1340.68,0.83,217.4,418.35,1277486.0,300174.0,1046.3,130.0,12.0,69.31,842.84,132.13,0.889,75.42,9.03,99354.0,7.09,10.0,28637.0,43.16,6.69,11.38,3.26,7886667.0,3124598.0,1266829.0
R01-D01-S02,Northmere,2022_08,1614.92,4.4686,870.8,1.798,280.61,684.09,227720.0,48124.0,1039.0,108.0,30.0,117.98,2391.24,357.49,0.782,72.51,14.91,25593.0,1.07,2.0,5247.0,0.01,2.63,23.17,3.83,4619314.0,2895669.0,2046417.0
R01-D01-S03,Northmere,2022_08,1680.97,6.2109,798.29,2.441,256.22,378.4,678084.0,155041.0,909.6,178.0,17.0,29.61,643.67,559.61,0.777,75.56,17.12,53256.0,1.28,9.0,49198.0,373.65,4.39,22.45,1.45,8633918.0,2543331.0,1696735.0
R01-D01-S04,Northmere,2022_08,1337.0,5.4402,1028.84,3.897,268.15,543.81,1145792.0,241254.0,1034.0,165.0,43.0,43.29,1343.06,665.45,0.784,76.32,17.17,83294.0,4.82,38.0,64296.0,408.67,0.93,29.63,3.25,7836211.0,3558562.0,1595046.0
R01-D02-S01,Eastfen,2022_08,1040.1,4.9284,722.73,2.891,253.01,535.33,105649.0,24951.0,1011.7,49.0,14.0,6.23,369.04,496.22,0.3,45.41,30.42,9731.0,1.54,0.0,5192.0,65.44,3.29,83.86,8.12,8265133.0,3150770.0,2635473.0
R01-D02-S02,Eastfen,2022_08,786.49,4.6487,795.94,1.163,299.92,584.86,591961.0,127633.0,919.5,61.0,4.0,1.11,519.22,154.94,0.425,49.11,24.92,42037.0,4.06,3.0,16186.0,46.1,6.65,25.9,3.12,4779523.0,1294607.0,1148957.0
R01-D02-S03,Eastfen,2022_08,608.44,3.7054,661.56,3.414,298.34,745.59,1016893.0,245291.0,1005.0,19.0,3.0,2.8,248.55,274.26,0.309,26.01,24.99,72450.0,1.4,7.0,15240.0,62.04,1.71,4.68,0.01,6504386.0,2117782.0,1904769.0
R01-D02-S04,Eastfen,2022_08,1698.07,1.1176,138.4,1.509,303.18,551.34,1231965.0,282089.0,1002.4,49.0,16.0,6.3,1194.23,758.21,0.318,44.34,26.45,93529.0,2.58,2.0,15466.0,49.26,2.09,6.58,0.52,3795259.0,1949588.0,912167.0
R01-D03-S01,Southwater,2022_08,213.25,3.3352,526.23,2.968,229.99,450.1,1182497.0,284256.0,1017.1,9.0,3.0,3.25,78.86,81.99,0.424,48.37,27.85,118965.0,0.5,3.0,41206.0,8.54,3.56,8.07,1.66,5586072.0,2452785.0,1435957.0
R01-D03-S02,Southwater,2022_08,1223.73,5.248,955.02,2.839,260.47,552.79,245739.0,52546.0,970.7,27.0,5.0,6.74,695.12,435.59,0.3,31.68,29.67,27954.0,1.06,2.0,7403.0,207.91,1.45,22.45,4.94,9243768.0,2199376.0,1543208.0
R01-D03-S03,Southwater,2022_08,1577.0,2.5756,302.5,2.457,262.07,538.64,950732.0,231300.0,945.6,89.0,20.0,46.55,697.63,781.78,0.483,39.64,25.83,74864.0,0.69,3.0,2337.0,73.12,0.15,6.22,0.41,3619808.0,1259169.0,775032.0
R01-D03-S04,Southwater,2022_08,986.09,0.2874,45.36,3.487,242.57,582.54,353669.0,75270.0,935.1,76.0,18.0,9.98,711.59,164.97,0.461,33.65,28.98,43598.0,0.71,0.0,4076.0,2.66,0.17,2.7,1.49,5989009.0,1619577.0,998750.0
R01-D04-S01,Westmoor,2022_08,728.47,0.4336,83.21,3.244,278.55,536.55,1002111.0,218672.0,999.6,32.0,15.0,25.2,439.34,190.81,0.488,42.6,20.93,101138.0,4.05,7.0,32155.0,36.56,1.21,8.89,5.35,5379658.0,2277551.0,1182969.0
R01-D04-S02,Westmoor,2022_08,1665.24,4.9512,753.87,0.815,252.09,542.03,288033.0,62298.0,1008.4,89.0,11.0,30.45,1059.53,222.88,0.319,29.53,31.15,23789.0,1.97,2.0,8115.0,16.89,6.8,16.62,2.44,8254140.0,1996791.0,1460668.0
R01-D04-S03,Westmoor,2022_08,490.29,2.7978,419.46,2.937,247.2,552.29,760163.0,164126.0,966.9,23.0,6.0,10.9,196.21,156.48,0.367,39.16,23.74,82416.0,1.81,9.0,7751.0,2.7,2.97,11.08,2.53,7117634.0,1963461.0,2035941.0
R01-D05-S01,Riverend,2022_08,1334.51,6.8234,698.79,0.913,242.36,371.93,575979.0,116905.0,1044.3,50.0,22.0,46.05,920.72,651.54,0.385,38.09,33.31,46162.0,2.15,4.0,45034.0,221.18,3.94,32.49,6.41,9508026.0,3581306.0,2282035.0
R01-D05-S02,Riverend,2022_08,1459.47,3.683,476.36,3.226,256.09,428.72,430467.0,90476.0,1007.5,64.0,43.0,4.25,1623.95,455.35,0.535,72.18,17.37,44797.0,1.33,3.0,8418.0,149.83,0.43,11.87,3.96,7590834.0,2118690.0,1869116.0
R01-D05-S03,Riverend,2022_08,690.03,3.3447,521.22,2.095,244.12,449.85,181954.0,39252.0,930.4,51.0,15.0,19.28,814.54,294.86,0.585,71.9,16.41,13750.0,1.76,2.0,3351.0,40.71,2.08,13.39,1.42,6444500.0,2912280.0,1730046.0
R01-D06-S01,Lakeshire,2022_08,518.19,3.6837,337.67,3.018,240.53,594.54,1279160.0,314626.0,964.8,45.0,12.0,30.82,747.87,233.77,0.682,62.04,12.05,154313.0,2.37,16.0,57984.0,19.99,1.89,17.25,4.95,7902364.0,3365085.0,1215849.0
R01-D06-S02,Lakeshire,2022_08,1251.38,3.3682,284.17,1.955,296.47,762.15,974127.0,213073.0,906.2,79.0,7.0,42.47,1025.82,358.32,0.502,38.43,17.27,107474.0,1.83,1.0,19616.0,20.64,0.18,6.68,0.23,6267674.0,2336739.0,317121.0
R01-D06-S03,Lakeshire,2022_08,793.75,5.3629,842.5,2.557,217.18,442.97,255021.0,56054.0,925.6,40.0,18.0,18.92,423.82,81.74,0.57,40.59,21.86,18839.0,2.46,2.0,6331.0,17.72,8.54,23.11,4.87,7699518.0,4019279.0,2068139.0
R01-D01-S01,Northmere,2022_09,989.98,5.3315,997.97,0.83,226.61,433.64,1303360.0,289583.0,1046.3,42.0,24.0,48.84,736.36,462.47,0.821,73.08,9.29,153667.0,1.67,27.0,41579.0,188.77,2.12,29.43,6.6,5493787.0,2951260.0,1785491.0
R01-D01-S02,Northmere,2022_09,1614.92,3.194,350.58,1.798,238.33,460.85,225660.0,51120.0,1039.0,237.0,36.0,7.17,1673.62,431.34,0.757,75.82,13.18,20220.0,1.77,1.0,4542.0,142.62,1.72,22.13,4.75,6691584.0,2989662.0,1822537.0
R01-D01-S03,Northmere,2022_09,1680.97,3.2388,364.2,2.441,261.52,663.8,679193.0,162755.0,909.6,150.0,22.0,56.65,1520.22,491.82,0.706,77.07,17.73,63132.0,1.93,4.0,3955.0,102.06,2.74,16.34,3.41,8825415.0,3035085.0,1445843.0
R01-D01-S04,Northmere,2022_09,1337.0,5.6087,457.65,3.897,237.67,546.05,1128701.0,231222.0,1034.0,70.0,31.0,58.5,1097.66,267.32,0.739,69.6,14.53,145168.0,3.17,8.0,56480.0,134.7,2.13,40.33,11.7,6390146.0,2379764.0,2225159.0
R01-D02-S01,Eastfen,2022_09,1040.1,4.9671,551.75,2.891,261.02,662.75,103235.0,24482.0,1011.7,33.0,12.0,13.24,447.94,201.41,0.3,33.61,31.38,10663.0,4.54,2.0,4830.0,102.91,2.67,23.65,2.75,8269375.0,4155334.0,2765508.0
R01-D02-S02,Eastfen,2022_09,786.49,2.8978,418.39,1.163,246.12,561.08,574028.0,133626.0,919.5,46.0,13.0,12.57,613.93,230.88,0.363,44.53,28.88,48933.0,4.4,6.0,6461.0,19.6,8.83,49.75,1.23,6215738.0,2336596.0,1023998.0
R01-D02-S03,Eastfen,2022_09,608.44,4.6252,831.53,3.414,285.69,445.69,1007032.0,203513.0,1005.0,35.0,11.0,11.91,362.18,229.22,0.412,52.07,26.46,116498.0,3.6,7.0,35563.0,13.62,0.93,11.17,2.47,6436920.0,3065117.0,1635490.0
R01-D02-S04,Eastfen,2022_09,1698.07,0.7762,93.83,1.509,247.37,536.63,1235307.0,287755.0,1002.4,59.0,26.0,41.05,767.96,208.48,0.449,24.05,31.42,129215.0,0.18,4.0,17968.0,7.7,2.32,9.13,1.4,3907311.0,1271293.0,1499009.0
R01-D03-S01,Southwater,2022_09,213.25,2.7882,308.65,2.968,327.54,601.54,1178447.0,264123.0,1017.1,9.0,4.0,0.16,139.48,64.75,0.378,38.49,27.6,142019.0,0.6,6.0,55585.0,23.16,0.92,14.77,5.25,6790473.0,2218166.0,1683136.0
R01-D03-S02,Southwater,2022_09,1223.73,5.2535,992.72,2.839,278.24,567.2,247754.0,54060.0,970.7,54.0,11.0,36.63,430.69,397.09,0.302,24.57,30.69,19334.0,6.73,3.0,12645.0,48.19,2.07,26.75,0.01,10305542.0,2999338.0,1539716.0
R01-D03-S03,Southwater,2022_09,1577.0,0.5081,49.6,2.457,251.18,580.39,978547.0,216688.0,945.6,85.0,18.0,24.97,1172.58,650.57,0.512,57.61,28.69,101776.0,0.01,1.0,2748.0,0.68,0.41,1.75,2.01,1367009.0,1224444.0,964478.0
R01-D03-S04,Southwater,2022_09,986.09,2.8451,514.91,3.487,246.22,543.36,350537.0,81982.0,935.1,74.0,17.0,20.68,454.29,369.43,0.318,34.77,29.51,31987.0,0.48,1.0,1228.0,13.3,0.27,2.43,0.58,4572271.0,2861640.0,891667.0
R01-D04-S01,Westmoor,2022_09,728.47,2.2575,286.79,3.244,237.17,572.48,1007489.0,244600.0,999.6,43.0,16.0,24.27,350.31,130.86,0.507,63.32,18.79,119767.0,1.42,4.0,52071.0,27.07,3.0,13.17,4.46,3104025.0,752076.0,1537165.0
R01-D04-S02,Westmoor,2022_09,1665.24,2.652,381.91,0.815,247.98,532.09,283152.0,61940.0,1008.4,27.0,23.0,11.32,588.62,606.36,0.363,40.4,33.72,23183.0,1.82,5.0,3962.0,32.29,0.61,22.89,3.0,7139220.0,2652720.0,1404545.0
R01-D04-S03,Westmoor,2022_09,490.29,1.9659,158.7,2.937,267.78,506.63,773982.0,176010.0,966.9,36.0,2.0,5.1,208.66,233.23,0.414,49.44,25.46,71448.0,1.45,2.0,20943.0,18.65,3.52,28.77,7.09,5499680.0,2855450.0,1418847.0
R01-D05-S01,Riverend,2022_09,1334.51,7.3871,765.06,0.913,248.93,473.24,559595.0,126205.0,1044.3,35.0,8.0,40.96,952.64,531.3,0.409,46.68,26.05,65161.0,4.38,2.0,18219.0,234.28,3.91,22.78,5.38,10042570.0,3072779.0,1527957.0
R01-D05-S02,Riverend,2022_09,1459.47,1.7254,261.48,3.226,251.83,575.98,435928.0,104845.0,1007.5,178.0,11.0,2.93,1724.56,687.65,0.558,48.46,21.43,37044.0,3.01,3.0,18903.0,42.79,3.24,26.62,0.26,6259862.0,2954557.0,1639002.0
R01-D05-S03,Riverend,2022_09,690.03,0.4387,59.39,2.095,215.96,377.07,181539.0,37698.0,930.4,43.0,17.0,38.37,414.2,121.98,0.603,64.06,14.26,23415.0,0.36,1.0,4568.0,14.08,0.58,5.15,4.34,7943083.0,1969068.0,1588456.0
R01-D06-S01,Lakeshire,2022_09,518.19,5.3234,650.41,3.018,246.88,590.67,1297607.0,285647.0,964.8,67.0,4.0,5.55,749.3,205.56,0.691,73.34,16.55,157330.0,3.93,5.0,29248.0,37.07,0.94,31.72,0.01,5317000.0,3140200.0,1662458.0
R01-D06-S02,Lakeshire,2022_09,1251.38,2.5848,290.69,1.955,226.71,358.52,995140.0,221926.0,906.2,98.0,33.0,3.03,1045.81,307.53,0.596,52.9,18.02,117273.0,2.75,3.0,42335.0,14.1,5.82,22.83,2.32,6987528.0,2169253.0,1841127.0
R01-D06-S03,Lakeshire,2022_09,793.75,5.7764,958.2,2.557,291.12,495.04,251685.0,50434.0,925.6,29.0,16.0,36.24,687.85,106.75,0.543,57.98,23.82,19454.0,5.56,8.0,6969.0,61.22,9.09,35.51,8.6,6214197.0,3058227.0,1763788.0
R01-D01-S01,Northmere,2022_10,989.98,2.135,215.93,0.83,110.66,252.5,1317456.0,328225.0,1046.3,156.0,10.0,39.65,1163.31,178.49,0.737,82.72,10.04,139312.0,0.29,2.0,4962.0,2.43,0.78,5.65,0.01,1374455.0,587426.0,552062.0
R01-D01-S02,Northmere,2022_10,1614.92,1.9654,285.29,1.798,46.23,108.48,223844.0,45343.0,1039.0,62.0,33.0,91.39,688.04,743.65,0.807,65.75,11.41,20551.0,0.54,0.0,36.0,19.73,0.26,0.91,0.13,1934880.0,1006119.0,539468.0
R01-D01-S03,Northmere,2022_10,1680.97,0.6052,75.05,2.441,90.82,230.63,692080.0,148827.0,909.6,179.0,36.0,90.04,664.13,474.34,0.741,78.97,16.83,49259.0,1.32,2.0,5271.0,58.52,0.31,2.74,0.45,3569265.0,0.0,1070162.0
R01-D01-S04,Northmere,2022_10,1337.0,0.0,0.0,3.897,63.09,134.01,1125600.0,262540.0,1034.0,174.0,35.0,55.56,548.18,150.94,0.693,83.52,9.58,130013.0,0.99,2.0,1562.0,9.54,0.16,2.82,0.34,1296826.0,1174670.0,544987.0
R01-D02-S01,Eastfen,2022_10,1040.1,0.0,0.0,2.891,62.6,132.54,105573.0,21437.0,1011.7,42.0,10.0,24.44,454.68,225.42,0.411,17.72,34.89,7664.0,1.23,0.0,110.0,4.61,0.8,5.6,0.67,3200558.0,939377.0,1089921.0
R01-D02-S02,Eastfen,2022_10,786.49,0.0,0.0,1.163,70.34,147.93,574195.0,125314.0,919.5,36.0,10.0,2.62,547.69,307.83,0.382,46.95,28.1,65093.0,0.16,1.0,1915.0,8.02,0.76,2.23,0.35,1922416.0,969096.0,443869.0
R01-D02-S03,Eastfen,2022_10,608.44,0.1475,18.86,3.414,42.61,73.2,1004222.0,219387.0,1005.0,29.0,3.0,11.45,404.26,187.68,0.488,27.49,26.72,121174.0,0.15,0.0,1376.0,1.49,0.16,1.12,0.21,2817058.0,1798215.0,631901.0
R01-D02-S04,Eastfen,2022_10,1698.07,2.0203,351.96,1.509,7.34,15.36,1201445.0,256475.0,1002.4,72.0,31.0,34.06,421.38,636.56,0.343,50.68,30.82,156030.0,0.15,0.0,3820.0,5.75,0.14,0.61,0.1,0.0,0.0,104438.0
R01-D03-S01,Southwater,2022_10,213.25,1.4346,128.45,2.968,78.9,127.34,1189365.0,239368.0,1017.1,17.0,4.0,1.52,107.2,60.32,0.41,48.87,28.24,132790.0,0.33,0.0,6780.0,2.71,0.17,4.18,0.04,3786342.0,0.0,478383.0
R01-D03-S02,Southwater,2022_10,1223.73,0.0,0.0,2.839,77.52,172.83,243680.0,52000.0,970.7,34.0,10.0,26.83,419.12,363.24,0.375,41.37,32.15,23020.0,0.07,0.0,1524.0,3.74,0.12,1.19,0.33,342335.0,2139266.0,824232.0
R01-D03-S03,Southwater,2022_10,1577.0,0.0,0.0,2.457,12.18,24.36,959651.0,211146.0,945.6,127.0,27.0,49.36,1024.11,585.57,0.395,49.18,26.41,117472.0,0.12,0.0,2428.0,0.97,0.11,0.2,0.13,2186482.0,1483258.0,0.0
R01-D03-S04,Southwater,2022_10,986.09,1.0848,164.96,3.487,85.61,187.83,350551.0,70485.0,935.1,50.0,9.0,19.02,725.49,478.79,0.324,26.9,25.73,30149.0,0.11,0.0,304.0,4.87,0.01,0.32,0.1,498867.0,606539.0,625976.0
R01-D04-S01,Westmoor,2022_10,728.47,1.2027,220.41,3.244,10.98,23.46,1012599.0,242299.0,999.6,31.0,15.0,20.08,523.9,182.15,0.582,40.04,25.5,113805.0,0.04,1.0,0.0,2.87,0.42,0.31,0.51,1317424.0,862621.0,7512.0
R01-D04-S02,Westmoor,2022_10,1665.24,0.0,0.0,0.815,74.3,192.89,281988.0,61663.0,1008.4,60.0,15.0,51.81,773.99,171.12,0.356,22.97,33.62,35009.0,0.18,0.0,1182.0,2.58,0.23,3.53,0.58,2019113.0,71841.0,1121041.0
R01-D04-S03,Westmoor,2022_10,490.29,0.0,0.0,2.937,135.81,334.34,780160.0,158341.0,966.9,32.0,7.0,4.91,240.4,238.14,0.3,33.85,28.79,84101.0,0.15,1.0,4341.0,0.01,0.13,3.37,0.2,589556.0,96036.0,46197.0
R01-D05-S01,Riverend,2022_10,1334.51,0.2973,39.9,0.913,76.66,127.57,568990.0,119919.0,1044.3,43.0,13.0,18.77,714.32,423.85,0.389,25.44,24.71,49466.0,0.54,1.0,2191.0,24.17,0.06,3.77,0.32,2506118.0,1088057.0,355595.0
R01-D05-S02,Riverend,2022_10,1459.47,0.0,0.0,3.226,36.97,92.57,424372.0,94261.0,1007.5,148.0,18.0,75.26,596.19,261.85,0.614,73.74,19.09,37337.0,0.21,0.0,836.0,0.73,0.75,1.38,0.89,535430.0,663181.0,865481.0
R01-D05-S03,Riverend,2022_10,690.03,0.9812,179.29,2.095,100.15,237.64,178271.0,42439.0,930.4,74.0,10.0,33.35,798.44,193.31,0.627,63.3,19.14,20041.0,0.15,0.0,390.0,0.97,0.13,2.17,0.35,2283637.0,1837839.0,274151.0
R01-D06-S01,Lakeshire,2022_10,518.19,0.7584,83.28,3.018,40.61,60.94,1292075.0,260788.0,964.8,64.0,12.0,26.26,261.69,76.43,0.636,71.91,14.29,148604.0,0.32,4.0,3067.0,1.17,0.42,4.67,0.65,1143403.0,765868.0,96463.0
R01-D06-S02,Lakeshire,2022_10,1251.38,0.9515,138.55,1.955,45.3,75.51,990588.0,221786.0,906.2,111.0,26.0,40.73,399.07,589.6,0.549,43.96,24.53,78837.0,0.55,3.0,5312.0,6.98,0.21,1.95,0.23,4125351.0,252516.0,306855.0
R01-D06-S03,Lakeshire,2022_10,793.75,0.0,0.0,2.557,50.16,76.43,246902.0,57284.0,925.6,53.0,20.0,37.71,603.23,233.8,0.551,61.92,25.89,27515.0,0.39,1.0,3356.0,3.34,0.43,8.9,1.94,2777005.0,1429355.0,835473.0
R01-D01-S01,Northmere,2022_11,989.98,0.0,0.0,0.83,40.83,72.55,1276309.0,279859.0,1046.3,46.0,18.0,73.45,980.19,376.29,0.917,94.49,12.31,120323.0,0.01,2.0,2243.0,18.88,0.35,2.19,1.61,0.0,331486.0,171445.0
R01-D01-S02,Northmere,2022_11,1614.92,1.3765,152.97,1.798,94.85,195.68,224269.0,46332.0,1039.0,141.0,16.0,67.14,992.15,206.35,0.747,78.7,13.53,24790.0,0.99,0.0,248.0,2.27,0.16,3.29,0.35,4214813.0,811814.0,1486898.0
R01-D01-S03,Northmere,2022_11,1680.97,0.0,0.0,2.441,92.56,166.33,695211.0,157307.0,909.6,111.0,23.0,106.52,1520.2,430.78,0.627,55.51,19.13,87196.0,0.46,2.0,3759.0,8.99,0.38,2.02,0.27,3026772.0,521265.0,467294.0
R01-D01-S04,Northmere,2022_11,1337.0,3.1096,567.9,3.897,72.24,132.39,1127502.0,266107.0,1034.0,178.0,30.0,84.17,1195.41,624.07,0.757,60.1,9.93,83313.0,0.33,2.0,9568.0,0.01,0.88,0.01,0.65,2707680.0,232966.0,692119.0
R01-D02-S01,Eastfen,2022_11,1040.1,0.0,0.0,2.891,64.5,148.64,105534.0,23526.0,1011.7,18.0,11.0,28.3,290.39,498.25,0.332,21.52,34.79,11721.0,0.29,0.0,94.0,7.69,0.78,3.1,0.8,4002315.0,1045740.0,897954.0
R01-D02-S02,Eastfen,2022_11,786.49,0.8007,94.77,1.163,123.1,173.75,584060.0,120285.0,919.5,20.0,14.0,11.34,208.05,133.95,0.502,48.59,26.07,71426.0,0.05,1.0,2413.0,1.5,0.31,1.28,1.07,864945.0,964297.0,36154.0
R01-D02-S03,Eastfen,2022_11,608.44,0.0,0.0,3.414,110.73,191.49,1025178.0,228668.0,1005.0,20.0,11.0,9.71,140.43,69.19,0.45,46.8,31.78,118366.0,0.17,1.0,3437.0,0.48,0.37,0.17,0.14,2967516.0,1187531.0,631749.0
R01-D02-S04,Eastfen,2022_11,1698.07,0.0862,10.6,1.509,66.74,130.43,1213641.0,289929.0,1002.4,121.0,31.0,27.21,812.99,170.36,0.394,41.05,26.9,155090.0,0.23,0.0,3397.0,2.66,0.13,0.66,0.17,457930.0,681145.0,1011782.0
R01-D03-S01,Southwater,2022_11,213.25,1.0639,130.29,2.968,123.65,217.99,1189610.0,295411.0,1017.1,13.0,3.0,6.63,156.1,98.96,0.486,50.06,20.99,137084.0,0.11,1.0,273.0,2.6,0.18,1.7,0.07,2070567.0,472162.0,1169419.0
R01-D03-S02,Southwater,2022_11,1223.73,0.8503,135.02,2.839,66.03,126.05,247471.0,51531.0,970.7,71.0,18.0,17.19,233.04,520.7,0.3,38.66,36.21,18928.0,0.6,0.0,851.0,22.25,0.07,0.01,0.99,1983166.0,982151.0,354326.0
R01-D03-S03,Southwater,2022_11,1577.0,0.0,0.0,2.457,60.47,144.3,957758.0,211525.0,945.6,48.0,30.0,37.63,744.4,671.47,0.479,30.74,25.19,107244.0,0.09,0.0,1745.0,4.06,0.07,0.19,0.06,1568230.0,825049.0,19065.0
R01-D03-S04,Southwater,2022_11,986.09,0.7024,85.77,3.487,86.57,155.67,347323.0,80767.0,935.1,54.0,7.0,0.23,302.67,474.04,0.367,40.89,27.54,24347.0,0.17,0.0,288.0,3.05,0.13,0.84,0.05,3247951.0,2057158.0,49178.0
R01-D04-S01,Westmoor,2022_11,728.47,0.3406,59.87,3.244,53.55,94.87,1014858.0,206172.0,999.6,47.0,10.0,3.18,443.12,327.63,0.554,55.55,24.89,100667.0,0.28,0.0,1585.0,14.13,0.16,3.05,0.51,3730840.0,859715.0,954139.0
R01-D04-S02,Westmoor,2022_11,1665.24,0.0,0.0,0.815,63.13,163.02,283235.0,67484.0,1008.4,76.0,11.0,30.91,952.87,174.92,0.3,29.41,34.47,28493.0,0.06,1.0,512.0,2.02,0.09,1.28,0.06,1009010.0,719761.0,14788.0
R01-D04-S03,Westmoor,2022_11,490.29,1.1586,227.36,2.937,23.92,39.06,756351.0,164200.0,966.9,18.0,5.0,13.41,165.55,113.89,0.335,47.63,25.35,89322.0,0.44,0.0,2538.0,1.17,0.3,2.33,0.02,2582789.0,265214.0,464233.0
R01-D05-S01,Riverend,2022_11,1334.51,0.0263,2.9,0.913,66.79,109.68,570631.0,122555.0,1044.3,90.0,9.0,45.0,356.53,420.66,0.399,42.75,28.86,64957.0,0.41,1.0,4180.0,41.22,0.78,1.35,0.93,3815751.0,446008.0,539502.0
R01-D05-S02,Riverend,2022_11,1459.47,0.1224,20.97,3.226,69.54,173.27,428143.0,104864.0,1007.5,136.0,16.0,13.96,883.57,524.77,0.609,72.82,19.46,35357.0,0.36,1.0,1013.0,5.79,0.25,2.22,1.14,2203298.0,853452.0,1029986.0
R01-D05-S03,Riverend,2022_11,690.03,1.3839,138.67,2.095,128.34,258.82,177735.0,40581.0,930.4,41.0,5.0,32.97,642.82,96.62,0.57,63.43,14.46,17343.0,0.03,0.0,605.0,1.26,0.37,1.72,0.28,1835916.0,912107.0,162820.0
R01-D06-S01,Lakeshire,2022_11,518.19,1.9704,284.8,3.018,88.0,140.78,1273887.0,267568.0,964.8,46.0,19.0,13.64,519.25,89.71,0.815,81.97,12.31,139537.0,0.38,2.0,11561.0,3.16,0.08,5.07,1.11,1768668.0,604359.0,1011091.0
R01-D06-S02,Lakeshire,2022_11,1251.38,1.7034,232.23,1.955,78.94,180.8,986065.0,206783.0,906.2,128.0,23.0,59.53,912.3,230.79,0.496,54.17,21.58,88763.0,0.72,1.0,5297.0,4.74,0.96,2.74,0.28,1104683.0,897898.0,439843.0
R01-D06-S03,Lakeshire,2022_11,793.75,3.2174,605.38,2.557,78.4,150.69,246866.0,60700.0,925.6,67.0,12.0,25.27,314.51,290.78,0.439,48.32,19.45,23974.0,0.42,0.0,2982.0,6.33,0.26,5.33,0.7,2391518.0,810515.0,934443.0
R01-D01-S01,Northmere,2022_12,989.98,3.2506,299.8,0.83,101.21,153.44,1287130.0,298425.0,1046.3,105.0,29.0,74.45,1538.65,179.96,0.743,68.33,11.37,137027.0,0.26,2.0,7312.0,16.57,0.57,7.76,0.84,1523758.0,1634689.0,898146.0
R01-D01-S02,Northmere,2022_12,1614.92,0.0,0.0,1.798,92.89,130.11,230863.0,49941.0,1039.0,159.0,17.0,48.01,1114.41,389.9,0.789,71.55,13.26,25948.0,0.18,0.0,211.0,8.33,0.9,0.49,0.23,2891054.0,455200.0,588075.0
R01-D01-S03,Northmere,2022_12,1680.97,2.1114,382.5,2.441,66.93,147.94,674680.0,159527.0,909.6,175.0,22.0,41.79,761.92,519.89,0.658,76.09,10.76,52191.0,0.04,2.0,4320.0,35.56,0.01,0.01,0.64,6174068.0,871651.0,549601.0
R01-D01-S04,Northmere,2022_12,1337.0,3.3682,459.88,3.897,59.97,89.31,1141263.0,258096.0,1034.0,94.0,37.0,6.85,1656.57,260.25,0.71,62.55,12.98,90102.0,0.2,1.0,4724.0,11.95,0.37,3.03,0.22,920272.0,953665.0,198734.0
R01-D02-S01,Eastfen,2022_12,1040.1,1.5574,278.28,2.891,63.02,122.45,106013.0,22341.0,1011.7,58.0,5.0,2.15,554.71,264.32,0.3,33.1,26.96,12506.0,0.81,1.0,865.0,3.4,1.07,9.34,1.32,1529736.0,977889.0,464399.0
R01-D02-S02,Eastfen,2022_12,786.49,2.3152,227.86,1.163,64.87,146.68,576662.0,121506.0,919.5,57.0,4.0,10.4,454.4,201.34,0.317,30.95,22.2,66275.0,0.34,0.0,4315.0,12.71,0.13,2.58,0.12,335440.0,243279.0,642748.0
R01-D02-S03,Eastfen,2022_12,608.44,0.035,4.34,3.414,63.99,103.54,1015805.0,243180.0,1005.0,27.0,3.0,7.82,122.48,113.41,0.43,48.99,28.27,77255.0,0.24,1.0,2638.0,1.62,0.34,1.45,0.31,2719906.0,0.0,135229.0
R01-D02-S04,Eastfen,2022_12,1698.07,1.3998,276.26,1.509,89.92,204.63,1233462.0,250887.0,1002.4,79.0,27.0,36.35,1044.81,619.2,0.34,32.66,28.71,128968.0,0.4,1.0,4214.0,1.83,0.2,0.94,0.33,0.0,299126.0,103114.0
R01-D03-S01,Southwater,2022_12,213.25,0.7324,95.25,2.968,84.43,119.99,1188638.0,240975.0,1017.1,10.0,3.0,7.44,131.81,42.4,0.469,45.33,20.93,144068.0,0.63,0.0,1149.0,1.34,0.6,2.36,0.84,3626722.0,418680.0,469528.0
R01-D03-S02,Southwater,2022_12,1223.73,0.7167,85.71,2.839,66.5,147.6,239597.0,56198.0,970.7,40.0,18.0,31.05,438.06,597.24,0.3,25.42,34.69,18644.0,0.53,0.0,1184.0,4.43,0.37,3.08,0.75,1239047.0,944339.0,550196.0
R01-D03-S03,Southwater,2022_12,1577.0,0.0,0.0,2.457,98.84,207.44,975877.0,241175.0,945.6,84.0,31.0,13.45,1343.18,393.61,0.419,40.96,29.63,84369.0,0.07,0.0,613.0,2.13,0.02,0.28,0.22,339876.0,0.0,749200.0
R01-D03-S04,Southwater,2022_12,986.09,1.1344,221.62,3.487,91.62,133.31,359074.0,75046.0,935.1,34.0,6.0,6.97,490.4,235.77,0.419,45.97,26.49,45647.0,0.14,0.0,17.0,2.83,0.01,0.28,0.09,0.0,1293766.0,863525.0
R01-D04-S01,Westmoor,2022_12,728.47,2.104,188.96,3.244,73.86,130.21,1025068.0,229996.0,999.6,63.0,12.0,28.42,646.68,360.68,0.403,54.44,21.48,80824.0,0.41,0.0,2710.0,7.61,0.4,1.38,0.13,2795908.0,1023964.0,0.0
R01-D04-S02,Westmoor,2022_12,1665.24,0.827,125.76,0.815,65.17,167.11,280199.0,68544.0,1008.4,60.0,23.0,36.91,665.97,318.58,0.31,25.91,26.01,23327.0,0.27,0.0,1248.0,6.23,0.3,4.79,0.34,3217048.0,1318328.0,523919.0
R01-D04-S03,Westmoor,2022_12,490.29,0.0,0.0,2.937,80.64,122.91,758397.0,186988.0,966.9,27.0,7.0,5.95,168.5,123.51,0.354,28.11,29.82,71167.0,0.19,0.0,1417.0,3.77,0.2,1.51,0.24,5515831.0,928752.0,420489.0
R01-D05-S01,Riverend,2022_12,1334.51,0.2569,44.64,0.913,38.24,97.83,561459.0,135199.0,1044.3,37.0,16.0,38.59,826.61,567.21,0.401,35.17,30.51,60649.0,0.54,1.0,1374.0,3.05,0.82,0.94,0.65,2966890.0,1203164.0,971839.0
R01-D05-S02,Riverend,2022_12,1459.47,0.0,0.0,3.226,60.35,91.24,435845.0,96236.0,1007.5,136.0,27.0,15.45,1289.44,350.27,0.709,69.18,20.64,54558.0,0.22,1.0,1544.0,4.84,0.23,3.21,0.01,1005839.0,0.0,870356.0
R01-D05-S03,Riverend,2022_12,690.03,0.0,0.0,2.095,111.2,178.76,177238.0,42940.0,930.4,32.0,7.0,35.96,770.22,242.63,0.646,48.8,21.31,14221.0,0.6,0.0,815.0,2.18,0.15,0.45,0.17,2750445.0,1168373.0,954668.0
R01-D06-S01,Lakeshire,2022_12,518.19,1.8509,189.3,3.018,47.77,96.36,1313228.0,274831.0,964.8,33.0,4.0,12.64,494.53,204.2,0.705,60.09,12.41,94068.0,0.98,2.0,4672.0,12.82,0.33,1.39,0.83,2085250.0,878758.0,853011.0
R01-D06-S02,Lakeshire,2022_12,1251.38,0.1435,14.27,1.955,112.23,167.08,1004854.0,217371.0,906.2,50.0,21.0,13.92,603.19,130.98,0.561,47.07,22.33,123809.0,0.14,0.0,11320.0,7.66,0.12,1.7,0.15,3660046.0,1134314.0,664049.0
R01-D06-S03,Lakeshire,2022_12,793.75,0.0,0.0,2.557,77.61,117.29,252974.0,53831.0,925.6,39.0,12.0,36.35,307.07,154.02,0.58,53.7,19.14,18859.0,0.55,0.0,1199.0,1.94,0.85,4.86,0.54,0.0,988444.0,561399.0
